seqid,status,score,frameshifts,begin PR,end PR,mutations PR,begin RT,end RT,mutations RT,begin p15,end p15,mutations p15,begin IN,end IN,mutations IN
MF622552.1,Success,5327,0,1,99,V3I L10I I13V G16E K20R E35D M36I S37N R41K L63T E65D H69Q L89M,1,335,K11A V35T T39K K43E K70EK K102Q D123N T165IT K166KR K173T Q174RS Y181C M184IMV Q207A R211KR L214F H221HY L228R V245Q S251H P272A T286A E291D V292IV I293V P294T I326V G335D,,,,,,
MF622553.1,Success,4428,0,1,99,V3I L10I I13V G16E K20R E35D M36I S37N R41K L63T E65D H69Q L89M,1,254,K11A V35T T39K E40EQ K43E K70E K102Q V108IV D123N S163AGST K166KR K173KT Q174RS V179IV Y181C M184V Q207A R211KR L214F H221Y L228R V245Q S251H,,,,,,
MF622554.1,Success,5180,0,1,99,V3I I13V K20I M36I S37N R41K C67S H69K V82I L89M,1,335,K20R V35T T39E K49R V60I A98G K103KR E122K D123E K173T Q174R D177E I178L Y181C M184V L187F T200A E203K Q207E R211K D218E K219E V245K E248D D250E S251T I274IV R277K Q278H T286A E291D V292I I293V P294T E297T L301M I329V Q334P G335D,,,,,,
MF622555.1,Success,4270,0,2,99,V3I I13V K20I M36I S37N R41K C67CS H69K V82I L89M,1,254,K20R V35T T39E V60I K64KR K70E A98G S105T V106I Y115F E122K D123E K173T Q174R D177E I178L Y181C M184V T200A Q207E R211K H221Y L228R V245K E248D D250E S251T,,,,,,
MF622556.1,Success,5171,0,1,99,V3I L10I I13V K20I E35D M36I S37N R41K L63P C67S H69R V82I L89M,1,335,K20R V35T T39K K43Q V60I D67N K70E V90I A98G K101EK K173A Q174K D177E I178M Y181C M184V G190A T200A Q207A R211K L214F V245Q E248D D250E R277K Q278H K281R T286A E291D V292I I293V E297A L301M D324E I329V G335D,,,,,,
MF622557.1,Success,4270,0,2,99,V3I L10I I13V K20I E35D M36I S37N R41K L63P C67S H69R V82I L89M,1,254,K20R V35T T39K K43Q V60I D67G K70E V90I A98G Y115F K173A Q174K D177E I178M Y181C M184V G190A T200A Q207A R211K L214F V245Q E248D D250E,,,,,,
MF622558.1,Success,5250,0,1,99,V3I I13V I15L K20I M36I S37N R41K L63T H69K K70R I72T L89M,1,335,K20R V21I V35T T39A E40D K70E A98G D123S K173I Q174K D177K V179E Y181C M184V T200A Q207E L214F L228R V245Q E248D D250E S251D T286A V292I I293V E297A,,,,,,
MF622559.1,Success,4356,0,1,99,V3I I13V I15IL K20I M36I S37N R41K L63T H69K K70R I72T L89M,1,253,K20R V21I V35T T39A E40D V60I K70E A98G D123S K173I Q174K D177E V179E Y181C M184V T200A Q207E L214F L228R V245Q E248D D250E S251D,,,,,,
MF622560.1,Success,5286,0,1,99,V3I I13A K14R K20I M36I S37N R41K L63P H69K V82I L89M,1,335,K20R V35T K49R E53D K65R K103N E122K I135V S162A K173T Q174K D177E I178M Y181C M184V T200A Q207E L214F V245E S251I P272A K275R V276I R277K T286A E291D V292I I293V P294T S322T G335D,,,,,,
MF622561.1,Success,4260,0,6,99,I13A K14R I15V K20I M36I S37N R41K L63P H69K V82I L89IM,1,254,K20R V35T T39NT K46Q K49R E53D K65R S68G A98AS K103N E122K I135V S162A K173T Q174K D177E I178M Y181C M184V G196EG T200A Q207E R211KR L214F V245E S251I,,,,,,
MF622562.1,Success,5262,0,1,99,V3I L10V I13V K14R G16E Q18E K20I E35D M36I S37N R41K H69K L89M,1,335,P4T K20R E29DE V35T T39M K65R V118I D123N I135R S162AT K173T Q174R D177E I178M V179E Y181C M184V T200A Q207E R211K P243T V245Q T286A E291D V292I I293V P294T S322T I326V,,,,,,
MF622563.1,Success,4357,0,1,99,V3I L10V I13V K14R G16E Q18E K20I E35D M36I S37N R41K H69K L89M,1,253,P4T K20R V35T T39M K65R Y115F V118I D123N I135R S162A T165I K173T Q174R D177E I178M V179E Y181C M184V T200A Q207E R211K P243T V245Q,,,,,,
MF622564.1,Success,5208,0,1,99,V3I L10I I13V G16E K20R E35D M36I S37N P39S R41K L63T H69Q I72IV L89M,1,335,E6K K11T K20R V35T T39N E44D V60I K70E D123N I142V K173T Q174K D177E M184V Y188L G196E Q207N R211K L228Q V245Q K263KN P272A R277K T286A I293A D324E I326IV G335D,,,,,,
MF622565.1,Success,4218,0,1,99,V3I L10I I13V G16E K20R E35D M36I S37N P39S R41K L63T H69Q I72IT L89M,1,255,E6K K11T K20R V35T T39N E44D K46Q V60IV K65R S68G T69I K102N Y115F V118I D123N I142V K173T Q174K D177E V179I M184V Y188L V189I G196E I202V Q207N R211K E224D L228Q V245Q,,,,,,
MF622566.1,Success,4217,0,6,99,I13V K14R K20I E35Q M36I S37D R41K K45R R57K L63P C67E H69K V82I L89M,1,251,V35T K70E A98G D123S I135M K173T Q174K D177E I178L Y181C M184V T200A Q207E R211K L214F L228R V245Q E248D D250E,,,,,,
MF622567.1,Success,4311,0,1,99,V3I I13V K14R K20I E35Q M36I S37D R41K K45R R57K L63P C67E H69K V82I L89M,1,254,V35T K65R K103N D123S I135M K173T Q174K D177E I178L Y181C M184V T200A Q207E R211K L214F H221Y V245Q E248D D250E,,,,,,
MF622568.1,Success,5254,0,1,99,V3I I13V G17E K20I M36I S37N C67* H69* R87QR L89M,1,335,V35T E36D K49R I50V V60I K65R K103N Y115F E122K D123E T139K T165Q K173T Q174K D177E I178M Y181C M184V T200A Q207K R211A L214F V245Q E248D S251D T286A E291D V292I I293V K311R Q334S G335D,,,,,,
MF622569.1,Success,4311,0,4,99,I13V G17E K20I M36I S37N C67E H69R L89M,1,253,V35T E36D K49R I50IV V60I K65R S68G K103N Y115F E122K D123E T139K K173T Q174K D177E I178M Y181C M184V T200A Q207K R211A L214F K219E V245Q E248D S251D,,,,,,
MF622570.1,Success,4467,0,6,99,I13V K20R M36I S37N R41K I62V L63A I64V E65D,1,251,V35T T39MT K49R K65R S68NS V90I K102R K103N T165I D177E I178M Y181C M184I Q207E R211K V245T D250E S251NS,,,,,,
MF622571.1,Success,4663,0,1,99,V3I I13V K20R M36I S37N R41K I62V L63A I64V E65D,1,259,V35T T39MT K49R K65R S68DGNS V90I K102R K103N T165I D177E I178M Y181C M184I Q207E R211K V245T D250E,,,,,,
MF622572.1,Success,5194,0,1,99,V3I I13V K20I E35Q M36I S37N R41K R57K L63LP C67E H69K V82I L89M,1,335,V8I V35T T39G K49R V60I D123S K173T D177E I178M M184IV Y188L T200A Q207E L214F D237DN V245Q E248N D250E T286A A288G E291D V292I I293V I329V Q334L G335D,,,,,,
MF622573.1,Success,4251,0,1,99,V3I I13V K20I E35Q M36I S37N R41K R57K L63LP C67E H69K V82I L89M,1,253,V8I V35T E36EK T39G K49R V60I K70E Y115FY D123NS K173T D177E I178M M184V Y188L T200A Q207E L214F D237N V245Q E248N D250E,,,,,,
MF622574.1,Success,4211,0,6,99,L10V I13V K14R K20I E35D M36I L38I P39Q R41K L63P H69K L89M,1,251,K20R V35M A62V K65R V90IV A98S K104R E122K I135T S162A K173A Q174K D177E I178V V179I Y181C M184V T200A Q207N R211K L214F V245Q D250E,,,,,,
MF622575.1,Success,4288,0,1,99,V3I L10V I13V K14R K20I E35D M36I L38I P39Q R41K L63P H69K L89M,1,254,K20R V35IM K46KQ K49KR A62V K65R V90I A98S K101KR K104R Y115FY E122EK I135T E138Q S162A K173A Q174K D177E I178V V179I Y181C M184V T200A I202V Q207DN R211K L214F V245Q D250E,,,,,,
MF622576.1,Success,5207,0,1,99,V3I I13V K14R K20I E35Q M36I S37D R57K L63P C67E H69K V82I L89M,1,335,K20R V35T K65R K104N S105Q Y115F D121H S162N K173T Q174K D177E Y181C M184V G190AG T200A I202V Q207E R211K L214F V245Q E248N D250E R277K Q278HKNQ E291D V292I I293V P294T I329V Q334L G335D,,,,,,
MF622577.1,Success,4247,0,6,99,I13V K14R K20I E35Q M36I S37D R57K L63P C67E H69K V82I L89M,1,254,K20R V35T K65R K103N V106IV Y115F D121H S162NS K173T Q174K D177E Y181C M184V T200A I202V Q207E R211K L214F V245Q E248N D250E,,,,,,
MF622578.1,Success,5088,0,1,99,V3I I13V K14R I15V K20I M36I S37N R41K I64M H69K L89M,1,335,K20R K22R V35T T39I K49R V60I K65R S68G V90I K101E Y115F I135V E138A S162A T165I K173A Q174K D177E I178M Y181C M184V G190S T200A Q207K R211E L214F K219E V245Q P272A K275R V276I R277K Q278N T286A E291D V292I I293V P294T E297K S322T I326V G335D,,,,,,
MF622579.1,Success,4222,0,2,99,V3I I13V K14R I15V K20I M36I S37N R41K I64M H69K L89M,1,253,K20R K22R V35T T39I K49R V60I K65R S68G V90I K101E Y115F I135V E138A S162A T165I K173A Q174K D177E I178M Y181C M184V G190S T200A Q207K R211E L214F K219E V245Q,,,,,,
MF622580.1,Success,4222,0,6,99,L10IL I13V L19P K20I M36I S37D R41K R57K H69K L89M,1,251,K20KR V35T E36D K49R V60I K66T D67N K70E K103N Y115F E122K D123E I135V S162A E169K K173E Q174E D177E V179IV Y181C M184V T200A Q207E R211K L214F V245Q E248D D250E S251N,,,,,,
MF622581.1,Success,4314,0,1,99,V3I L10I I13V L19P K20I M36I S37D R41K R57K H69K L89M,1,253,K20KR V35T E36D K49R V60I K66T D67N K70E K103N Y115F E122K D123E I135V S162A E169K K173E Q174EK D177E V179IV Y181C M184V T200A Q207E R211K L214F V245Q E248D D250E S251N,,,,,,
MF622582.1,Success,5158,0,1,99,V3I I13V K14R I15V K20I E35D M36I S37N C67E H69K V82I L89M,1,335,K20R V35T T39K E40D V60I V90IV V106I E122K D123E K173A Q174K D177E Y181C M184LMV T200A I202V Q207N R211K D218E V245K E248D D250E S251A R277K Q278H K281R T286A E291D V292I I293V E297A L301M E328D I329V Q334P G335D,,,,,,
MF622583.1,Success,4158,0,1,99,V3I L10I I13V K14R I15V K20I E35D M36I S37N C67E H69K V82I L89M,1,254,K20R V35T T39K E40D V60I D67N K70R A98G V106I E122K D123E K173A Q174K D177K Y181C M184V T200A I202V Q207N R211K K219E V245K E248D D250E S251A,,,,,,
MF622584.1,Success,5262,0,1,99,V3I I13V K14R K20I E35Q M36I S37D R41K C67E H69K V82I L89M,1,335,V35T K104KR V106I N136I K173A Q174N D177E T200A Q207D L214F V245Q E248D D250E T286A E291D V292I I293V I329V Q334L G335D,,,,,,
MF622585.1,Success,4359,0,1,99,V3I I13V K20I E35Q M36I S37D R41K C67E H69K V82I L89M,1,255,V35T K64KR K65R K103N V106M S163N K173A Q174N D177E M184V T200A Q207D L214F M230L V245Q E248D D250E,,,,,,
MF622586.1,Success,5183,0,1,99,V3I I13V K14R K20I E35Q M36I S37D R41K R57K C67E H69R V82I L89M,1,335,V35T V60I K65R K101E D121H E138A S162C F171Y K173A Q174K D177E I178L G190A T200A Q207N R211K L214F V245Q E248D D250E R277K T286A E291D V292I I293V I329V Q334L G335D,,,,,,
MF622587.1,Success,4285,0,1,99,V3I I13V K14R K20I E35Q M36I S37D R41K R57K C67E H69R V82I L89M,1,254,K20KR V35T V60I K65R K101E Y115F D121H E138A S162CS F171Y K173A Q174K D177E I178IL Y181C M184V G190A T200A Q207N R211K L214F V245Q E248D D250E,,,,,,
MF622588.1,Success,4208,0,6,99,I13V K14R K20I E35Q M36I S37D R41K R57K C67E H69K V82I L89M,1,251,K20R V35T E36D T39A E40D D123N I135V K173T Q174R D177E I178M V179M Y181C M184V G196E T200A Q207D R211K L214F K219E H221Y V245K D250E S251N,,,,,,
MF622589.1,Success,4260,0,2,99,V3I I13V K14R K20I E35Q M36I S37D R41K R57K C67E H69K V82I L89M,1,254,K20R V35T E36D T39A E40DE K65R S68G T69I K102Q D123N I135V E138DEG K173T Q174R D177E I178M V179M Y181C M184V G196E T200A Q207D R211K L214F K219E H221Y V245K D250E S251N,,,,,,
MF622590.1,Success,4181,0,6,99,I13V K20I E35D M36I S37N R41K H69K K70R L89M,1,251,K20R V35T K65R S68G K103N I135V S162T K173A Q174K D177E I178V V179I Y181C M184V T200A I202V E203EK Q207AV R211K L214F K219E V245Q S251H,,,,,,
MF622591.1,Success,4302,0,1,99,V3I I13V K20I E35D M36I S37N R41K H69K K70R L89M,1,254,K20KR V35T K65R S68G K103N I135V S162T K173A Q174K D177E I178V V179I Y181C M184V T200A I202V E203EK Q207AV R211K L214F K219E V245Q S251H,,,,,,
MF622592.1,Success,5253,0,1,99,V3I L10V I13V I15V G16E Q18E K20I M36I S37N R41K H69K K70R I72V L89M,1,335,V35T V60I K65R K82R V108I D121Y I135R S162A K173T Q174K D177E V179LMV Y181C M184V G196E T200A I202V E204M Q207E R211K H221Y V245Q P272A R277K Q278E T286A E291D V292I I293V P294T E297R S322T G335D,,,,,,
MF622593.1,Success,4394,0,1,99,V3I L10V I13V I15V G16E Q18E K20I M36I S37N R41K L63HL H69K K70R I72V L89M,1,259,K20KR V35T V60I K65R S68DEGKNRS K101E V108I L109IL D121Y I135R S162A K173T Q174K D177E V179MV Y181C M184V G196GR T200A I202V E204M Q207E R211K K219E H221Y V245Q,,,,,,
MF622594.1,Success,5232,0,1,99,V3I L10I I13V G16E K20I M36I S37N R41K H69K K70R L89M,1,335,K20R V35T E36D K65R E122K D123E I135T S162A T165L Q174R D177E Y181C M184V G196E Q197K T200A I202V Q207E L214F V245Q P272A K275Q T286A E291D V292I I293V P294T S322A,,,,,,
MF622595.1,Success,4301,0,1,99,V3I L10I I13V G16E K20I M36I S37N R41K H69K K70R L89M,1,252,K20R V35T E36D T39AT K46Q K65R S68G K70KQ Y115F E122K D123E I135T S162A T165L Q174R D177E Y181C M184V G196E Q197K T200A I202V Q207E R211KR L214F V245Q,,,,,,
MF622596.1,Success,5180,0,1,99,V3I L10I I13V K14R K20I E35Q M36I S37DE R41K R57K C67E H69K V82I L89M,1,335,V35T E40D V60I K65R V90IV I135IL Q174K D177E V179E Y181C M184V T200A Q207D R211K L214F V245Q E248N D250E S251D R277K T286A E291D V292I I293V K311KR Q334L G335D,,,,,,
MF622597.1,Success,4235,0,1,99,V3I L10I I13V K14R K20I E35HQ M36I S37DE R41K R57K C67E H69K V82I L89M,1,254,V35T T39AT E40D V60I K65R S68GS V90IV K103KR V111IV Y115F I135IL Q174K D177E V179E Y181C M184V T200A Q207DN R211K L214F K219EGKR V245Q E248N D250E S251D,,,,,,
MF622598.1,Success,5210,0,1,99,V3I I13V K14R K20I M36K -36I S37N R41K R57K C67E H69K V82I L89M,1,335,V35K V60I W88C K103N V118I T165I K173T Q174K D177E Y181C M184V V189I I195M T200A I202V Q207E H221Y P243A V245Q E248D D250E R277K T286A V292I I293V V317A I329V Q334L G335D,,,,,,
MF622599.1,Success,4087,0,6,99,I13V K14R K20I M36I S37N P39PS R41K R57K C67E H69K V82I L89M,1,251,V10LV G15EG V35K E40EK V60I K65R S68K W88C K103N V118I E122EK I135T T165I K173T Q174K N175Y D177E Y181C M184V V189I T200A I202V Q207E K219E H221Y P243AS V245Q E248D D250E,,,,,,
MF622600.1,Success,5152,0,1,99,V3I I13V K14R G16EG K20I M36I S37N R41K C67E H69R K70R I72T V82I L89M,1,335,I2N P4S K20R V35T T39N E40D V60I K65R T69S K103N V106I E122K S162A K173T Q174K D177E Y181C T200A Q207E R211K K219E V245Q E248D D250E S251N R277K V292I I293V P294T K311R I326V G335D,,,,,,
MF622601.1,Success,4150,0,1,99,V3I I13V K14R K20I M36I S37N R41K C67E H69R K70R I72T V82I L89M,1,246,P4S K20R V35T T39N E40DE V60I K65R D67N T69S K102KR K103N V106I Y115F E122K S162A K173T Q174K D177EK Y181C M184V E194EK T200A Q207E R211K K219E V245Q,,,,,,
MF622602.1,Success,5180,0,1,99,V3I T12E I13V K20I M36I S37N R41K C67S H69R I72V V82I L89M,1,335,K20R V35T V60I K102KQ D121H D123S I135V S162C E169D K173S Q174KR D177E V179E I195L T200A Q207E R211K L214F P217Q V245Q E248DN D250E S251I P272A Q278H T286A E291D V292I I293V P294T E297T L301M D324E I329V Q334L G335D,,,,,,
MF622603.1,Success,4220,0,1,99,V3I T12E I13V K20I M36I S37N R41K C67S H69R I72V V82I L89M,1,251,K20R V35T V60I K65R D67DN K70EK K102Q V106M Y115F D121H D123S I135V S162C E169D K173S Q174R D177E V179E M184V I195L T200A Q207E R211K L214F K219EK F227L V245Q E248D D250E S251I,,,,,,
MF622604.1,Success,5209,0,1,99,V3I I13V K14R K20I E35Q M36I S37D R41K R57K L63P C67E H69K V82I L89M,1,335,E6EK V35T E40DE V60I K70KQ A98G V118G P119T K173A Q174K D177E I178M Y181C M184V T200A Q207E R211K L214F P225HPSY V245Q E248DN D250E R277K K281KR T286A E291D V292I I293V E312D I329V Q334S G335D,,,,,,
MF622605.1,Success,4178,0,6,99,I13V K14R K20I E35Q M36I S37D R41K R57K L63P C67E H69K V82I L89M,1,251,E6EK V35T V60I K70E A98G K101EK K173A Q174K D177E I178M Y181C M184V T200A Q207E R211K L214F L228R V245Q E248D D250E,,,,,,
MF622606.1,Success,5165,0,1,99,V3I I13V K14R I15V K20I M36I S37D R41K I64M H69K L89M,1,335,K20R V21I V35I K65R Y115F E122K T139IM S162A K173T Q174K Y181V M184V T200A Q207D R211K L214F V245Q E248N D250E S251D N265H P272A V276I R277K Q278N T286A E291D V292I I293V P294V E297K S322T I326V G335D,,,,,,
MF622607.1,Success,5218,0,1,99,V3I I13V K14R I15V K20I M36I S37D R41K I64M H69K L89M,1,335,K20R V21I V35I K65R S68CGS Y115F E122K S162AT K173T Q174K Y181V M184V T200A Q207D R211K L214F V245Q E248DEKN D250E S251D P272A V276IV R277K Q278N T286A E291D V292I I293V P294V E297K S322T I326V G335D,,,,,,
MF622608.1,Success,5237,0,1,99,V3I L10V T12K I13V K14R G17E K20I M36I S37N R41K L63H H69K K70R L89M,1,335,I31L V35T T39A K65R V90I A98G K101Q E122K D123E I135V S162A Q174E D177E I178M Y181C M184I T200A E204K Q207D R211K L214F P243T V245Q S251N P272A R277K K281R T286A V292I I293V E297K S322T G335D,,,,,,
MF622609.1,Success,4120,0,1,99,V3I L10V T12K I13V K14R G17E K20I M36I S37N R41K L63H H69K K70R L89M,1,238,P14AP T27ST I31L V35T T39AE K65R S68G K70KT V90I A98G K101H E122K D123E I135IV S162A Q174E D177E I178M Y181C M184I T200A E204K Q207D R211K L214F,,,,,,
MF622610.1,Success,5364,0,1,99,I13V K14KR K20I M36I S37N R41K L63P H69K I72M L89M,1,335,K20KR V35T K49KR K65KR S68GS K70EK K101E I142V K173R Q174E P176E I178M Y181C M184V G190A T200A E204K Q207E R211K L214F P243A V245Q E248D D250E R277K T286A V292I I293V E297A,,,,,,
MF622611.1,Success,4240,0,1,99,V3I I13V K20I M36I S37N R41K L63FLPS H69K I72M L89M,1,246,K20R V35T T39ST K46Q K49R K65R S68G T69IV K101E D123DN I142V K173R Q174E P176E I178M Y181C M184V G190A T200A E204K Q207E R211K L214F P243A V245Q,,,,,,
MF622612.1,Success,5295,0,1,99,V3I I13V K14KR I15IV Q18KQ K20I E35Q S37IS L38* R41K R57K L63P C67E H69K V82I L89M,1,335,V35T E40D K49R E53D V60I K103KN D123S I135V S162A E169D K173T Q174K D177E I178M T200A Q207E R211K L214F V245Q E248D D250E R277K E291D V292I I293V P294E D324E I329V Q334L G335D,,,,,,
MF622613.1,Success,4122,0,3,99,V3I I13V K14R I15V Q18K K20I E35Q M36I S37E R41K R57K L63P C67E H69K V82I L89M,1,244,V35T K49R E53D T58ST V60IV K64KR K65R S68KNRS L74LV L100I K103N D123S S162A E169D K173T Q174K D177E I178M M184I T200A Q207E R211K L214F K219DEKN L228LP M230L,,,,,,
MF622614.1,Success,5252,0,1,99,V3I I13V K14R K20I E35N M36I S37N R41K H69K L89M,1,335,V35T E40D V60I K65KR D67DG S68G K70EK V90I K103N E122K I135V S162A K173A Q174K D177E I178M Y181C M184I T200A Q207N R211K L214F V245Q P272A R277K T286A I293V P294T S322T D324E I326V G335DG,,,,,,
MF622615.1,Success,4250,0,1,99,V3I I13V K14R K20I E35N M36I S37N R41K H69K L89M,1,242,V35T E40D V60I K65R S68G V90I A98AS K101EK K103KN E122K I135V T139K S162A K173A Q174K D177E I178M Y181C M184I T200A Q207N R211K L214F,,,,,,
MF622616.1,Success,5185,0,1,99,V3I L10I I13V K14R K20I E35Q M36I S37N R41K R57K I62V I64M C67E H69K V82I L89M,1,335,V8IV V21I V35T A62V T69N V75I F77L K101A K104R F116Y D123S Q151M K173T Q174K D177E I178M M184V G190S T200A Q207E L214F V245Q E248D D250E R277K E291D V292I I293V D324E Q334R G335D,,,,,,
MF622617.1,Success,4176,0,1,99,V3I L10I I13V K14R K20I E35Q M36I S37N R41K R57K I62V I64M C67E H69K V82I L89M,1,243,V8IV V21IV V35T V60IV A62AV T69NT V75IM F77FL K101A K104R Y115FY F116Y D123S Q151LM K173T Q174K D177E I178M M184V G190S T200A Q207E L214F,,,,,,
MF622618.1,Success,5312,0,1,99,V3I I13V K14R L19P K20I M36I S37N R41K I64M H69K L89M,1,335,V35T T39L K65R K103N E122K S162A K173T Q174K D177E M184V T200A Q207E R211K L214F M230L P243A V245E E248D D250E P272A R277K T286A E291D V292I K311R S322T G335D,,,,,,
MF622619.1,Success,4427,0,1,99,V3I I13V K14R L19LP K20I M36I S37N R41K I64M H69K L89M,1,255,V35T T39L K65R S68G T69I K103N E122K I135V S162A K173T Q174K D177E Y181C M184V T200A Q207E R211K L214F K219E L228R P243A V245E E248D D250E,,,,,,
MF622620.1,Success,5313,0,1,99,V3I I13V G16E K20I M36I S37N R41K K43R L63P H69K K70R P79D L89M,1,335,E6N K11T V35T E36A T39K K43E V108I E122K S162A K173T Q174K D177E I178M Y181C M184V T200A Q207E R211K L214F H221Y V245K P272A R277K L283I I293V P294T S322T G335D,,,,,,
MF622621.1,Success,4364,0,2,99,V3I I13V I15IV G16E K20I M36I S37N R41K K43KR L63P H69K K70R P79D L89M,1,255,E6N K11T V35T E36A T39K K43E K70E K101KQ V108I Y115FY E122K S162A K173T Q174K D177E I178M Y181C M184V T200A Q207E R211K L214F H221Y L228R V245K D250E S251H,,,,,,
MF622622.1,Success,5130,0,1,99,V3I I13V K14R K20I E35Q M36I S37D R41K R57K L63AS C67E H69K V82I L89M,1,335,K20R V35T K65R S68GS D123S I135T K173T Q174K D177E I178L Y181C M184V G190A T200A Q207N R211K L214F V245Q E248DN R277K T286A E291D V292I I293V P294Q P321S* D324E I329V Q334CFLR G335D,,,,,,
MF622623.1,Success,4316,0,1,99,V3I I13V K14R K20I E35Q M36I S37D R41K R57K L63AS C67E H69K V82I L89M,1,255,K20R V35T K65R S68G K101Q D123NS I135T K173T Q174K D177E I178L Y181C M184V G190A T200A Q207N R211K L214F V245Q E248DEKN,,,,,,
MF622624.1,Success,5160,0,1,99,V3I L10I I13V K20I E35D M36I S37N R41K C67N H69K K70R V82I L89M,1,335,K20R V35T T39A V60I K65R S68R V118I I135T K166R F171Y K173T Q174K D177E Y181C M184V G190A E194D T200A I202V Q207E R211K K219E V245Q E248D S251T Q278H T286A E291D V292I I293V E297A L301M I329V Q334L G335D,,,,,,
MF622625.1,Success,4241,0,1,99,V3I L10I I13V K20I E35D M36I S37N R41K C67N H69K K70R V82I L89M,1,254,K20R V35T T39A V60I K65R S68R K101HN V106IV V118I I135T K166R F171Y K173AT Q174KR D177E Y181C M184V G190A E194D T200A I202V Q207E R211K K219E V245Q E248D S251T,,,,,,
MF622626.1,Success,5248,0,1,99,V3I I13V K14R G16E K20I M36I S37N R41K I64L H69K K70R L89M,1,335,V35T E36D T39A E40D K46KQ A62V K65R A98S K101E Y115F D121H I135R S162A E169DE K173T Q174K D177E Y181C M184L G190A T200A Q207E R211K L214F P225H V245K E248D D250E R277K E291D V292I I293V I329V Q334P G335D,,,,,,
MF622627.1,Success,4290,0,1,99,V3I I13V K14R G16E K20I M36I S37N R41K I64L H69K K70R L89M,1,254,V35T E36D T39A E40D K46Q A62V K65R A98S K101E Y115F D121H I135R S162A K173T Q174K D177E Y181C M184V G190A T200A Q207E R211K L214F P225H V245K E248D D250E,,,,,,
MF622628.1,Success,5241,0,1,99,V3I I13V K14R I15V K20I E35D M36I S37N R41K I64M C67E H69K V82I L89M,1,335,V35T T39K E40D A98G D123E S162A K173T Q174K D177E Y181C M184V T200A Q207E R211K K219E E248D D250E S251D R277K Q278H K281R T286A E291D V292I I293V E297A L301M Q334P G335D,,,,,,
MF622629.1,Success,4427,0,1,99,V3I I13V K14R I15V K20I E35D M36I S37N R41K I64M C67E H69K V82I L89M,1,259,V35T T39K E40D A98G D123E S162CG K173T Q174K D177E Y181C M184V T200A Q207E R211K K219E E248D D250E S251D,,,,,,
MF622630.1,Success,5296,0,1,99,V3I I13V K14R K20I M36I S37N R41K L63A H69Q L89M,1,335,E36D K65R V90I L100I K102Q K103N V108IV D123E K173T Q174K D177E M184V T200A E203K Q207E R211K L214F V245Q E248N P272A R277K T286A E291D V292I I293V P294V S322A G335D,,,,,,
MF622631.1,Success,4441,0,1,99,V3I I13V K14R K20I M36I S37N R41K L63ALPV I64IM G68D H69R L89M,1,254,E36D K65R V75M V90IV L100I K102Q K103N D123E K173T Q174K D177E M184V T200A E203K Q207E R211K L214F V245Q E248N,,,,,,
MF622632.1,Success,5130,0,1,99,V3I I13V K14KR K20I E35Q M36I S37N R41K R57K Y59F Q61E I62V L63P C67E H69K V82I L89M,1,335,K20KR E28A V35T E36D V60I K65R S68G K103N D123S I135T K173A Q174K D177E Y181C M184V T200A I202V Q207N R211K L214F K219E V245Q E248D D250E R277K T286A E291DE V292I I293V E297K D320DN Q334L G335D,,,,,,
MF622633.1,Success,4220,0,1,99,V3I I13V K14KR K20I E35Q M36I S37N R41K R57K Y59F Q61E I62V L63P C67E H69K V82I L89M,1,254,K20KR E28A V35T E36D V60I K65R S68G K103N D123S I135T K173A Q174K D177E Y181C M184V T200A I202V Q207N R211K L214F K219E V245Q E248D D250E,,,,,,
MF622634.1,Success,5248,0,1,99,V3I L10LV I13V K14R G16E K20I M36I S37N R41K H69K K70R L89M,1,335,V35T E36D V60I K65R S68G Y115F E122K I135V S162A K173I Q174K D177E I178M Y181C G190A T200A Q207E L214F K219EK L228LR P243H V245E E248D P272A R277K K281R T286A E291D V292I I293V S322T I326V,,,,,,
MF622635.1,Success,4390,0,1,99,V3I L10LV I13V K14R G16E K20I M36I S37N R41K H69K K70R L89M,1,255,V35T E36D V60I K65R S68G Y115F E122K I135V S162A K173I Q174K D177E I178M Y181C M184V G190A T200A Q207E L214F P243H V245E E248D,,,,,,
MF622636.1,Success,5180,0,1,99,V3I L10I I13V K14R I15V L19P K20I E21D E35N M36I S37N R41K L63H H69K L89M,1,335,V35T T39A K65R S68G K103KN V111IV E122K I135V T139K S162A F171Y K173AV Q174K D177E I178M V179EKMV Y181C M184V T200A Q207E L214F P243A V245K V276I R277K Q278N L283I T286A E291D V292I I293V P294T S322A G335D,,,,,,
MF622637.1,Success,4128,0,1,99,V3I L10I I13V K14R I15V L19P K20I E21D E35N M36I S37N R41K L63HQ H69K L89M,1,242,V35T T39A K65R S68G K70KT V90IV K103N V111I E122K D123DE I135V T139K S162A F171Y K173A Q174K D177E I178M V179AMTV Y181C M184V T200A Q207E L214F,,,,,,
MF622638.1,Success,5160,0,1,99,V3I I13V K14R K20I E35Q M36I S37N R41K R57K C67E H69K V82I L89M,1,335,L34I V35T T39A V60I K65R K103N Y115F I142V K173T Q174K D177E I178M Y181C M184I T200A Q207E R211K L214F V245Q D250E S251D R277K K281R T286A A288S E291D V292I I293V E297R D324E I329V Q334L G335D,,,,,,
MF622639.1,Success,4264,0,1,99,V3I I13V K14R K20I E35Q M36I S37N R41K R57K C67E H69K V82I L89M,1,253,V35IT T39A V60I K65R K103N Y115F I142V K173T Q174K D177E I178M Y181C M184V T200A Q207E R211K L214F V245Q E248D D250E S251D,,,,,,
MF622640.1,Success,5192,0,1,99,V3I I13V K14R I15V G16E K20I E35N M36I S37N R41K H69K K70R L89M,1,335,K20R V21IV K32IK V35T T39E K49KR V60IV K65R S68GS V90IV A98AG E122K D123E I135K T165I K173R D177E V179E Y181C M184I T200A Q207E R211K L214F V245Q E248D D250E S251V P272S T286A V292I I293V E297P R307K,,,,,,
MF622641.1,Success,4308,0,1,99,V3I I13V K14R I15V G16E K20I E35N M36I S37N R41K H69K K70R L89M,1,255,K20KR V21IV V35T T39E K49R V60IV A62AV K65R S68GS V90IV A98AG E122K D123E I135K T165I K173R D177E V179E Y181C M184I T200A Q207E R211K L214F V245Q E248D D250E S251V,,,,,,
MF622642.1,Success,5212,0,1,99,V3I I13V G17E K20I E35Q M36I S37N R41K K45R R57K Q61KN L63LV I64IM C67E H69K V82I L89M T96L,1,335,K11Q V35T V60I K65R K101KQ Y115F D123N I135V K173T Q174K D177E I178L Y181C M184V G190A T200A Q207D L214F P243T V245Q E248D P272S R277K T286A E291D I293V Q334L G335D,,,,,,
MF622643.1,Success,5207,0,1,99,V3I I13V G17E K20I E35Q M36I S37DN R41K K45R R57K Q61HN L63LV I64IM C67* G68R H69KR I72IT V82I L89M,1,335,K11KQ K20KR E28K V35T V60IV K65R S68NS K101Q Y115FY D123N I135V K173T Q174K D177E I178L Y181C M184V G190A T200A Q207D L214F P243T V245Q E248D P272S R277K T286A E291D I293V E302DE Q334L G335D,,,,,,
MF622644.1,Success,5143,0,1,99,V3I I13V G17E K20I M36I S37D R41K K43R H69K L89M,1,335,V35T T39Q E40D K70EK V90I K103N E122K I135V S162A K173T Q174K D177E I178M M184I T200A Q207E R211K L214F P225H L228LR K238T V245E P272A R277K T286A E291D V292I I293V P294T L310I K311R S322T I326V G335D,,,,,,
MF622645.1,Success,4181,0,1,99,V3I I13V G17E K20I M36I S37DN R41K K43R H69K L89M,1,243,V35T T39Q E40D K70E V90I K103N E122K I135V S162A K173T Q174K D177E I178M M184I T200A Q207E R211K L214F K219R P225H L228R K238T,,,,,,
MF622646.1,Success,4242,0,6,99,I13V K14R K20I E35Q M36I S37D R41K R57K C67E H69K V82I L89M,1,251,V35T K70EQ V90I Y115F D123N I142T K173I Q174K D177E I178M V179EKMV Y181CFGV M184I T200A Q207E H221HY L228LR V245Q D250E S251D,,,,,,
MF622647.1,Success,4340,0,1,99,V3I I13V K14R K20I E35Q M36I S37D R41K R57K C67E H69K V82I L89M,1,254,V35T K70E V90I Y115F D123N I142T K173I Q174K D177E I178M V179EV Y181CG M184IV T200A Q207E K219KR H221HY L228LR V245Q D250E S251D,,,,,,
MF622648.1,Success,4186,0,6,99,I13V K14T K20I E34Q M36I R41K R57K H69K L89M,1,251,V35T E36D T39K K65R D67N K101E E122K D123E S162A K173T Q174E D177E Y181C M184MV V189I G190A T200A Q207G R211K L214F K219E P243S V245Q E248D,,,,,,
MF622649.1,Success,4274,0,1,99,V3I I13V K14T K20I E34Q M36I R41K R57K H69K L89M,1,254,V35T E36D T39K K65R D67N S68DGNS K101E E122K D123E S162AT K173T Q174E D177E Y181C M184V V189I G190A T200A I202IV Q207G R211K L214F K219E P243S V245Q E248D,,,,,,
MF622650.1,Success,5277,0,1,99,V3I L10I I13V L19P K20I M36I S37N R41K H69K L89M,1,335,V35T V60I K65R K101N E122K S162A K173T Q174K I180M Y181C M184I T200A Q207E R211K L214F M230L V245Q E248N P272A R277K T286A E291D V292I I293V P294T K311R S322T G335D,,,,,,
MF622651.1,Success,4250,0,1,99,V3I L10I I13V L19P K20I M36I S37N R41K H69K L89M,1,238,V35T E40DE V60I K65R S68GS K101HN V108IV E122K S162A K173T Q174K Y181C M184IMV T200A Q207E R211K L214F M230L,,,,,,
MF622652.1,Success,5113,0,1,99,V3I I13V K14R I15V K20I E35D M36I S37N R41K I64M C67E H69K V82I L89M,1,335,K20R V35T T39K E40D K46Q K49R V60I D67N T69N K70R V75L K103N V108I D121DY D123DEKN K173T Q174K D177E Y181C M184V G190A T200A Q207E R211K T215F K219Q H221Y F227FY K238T V245Q E248D D250E S251D R277K Q278H K281R E291D V292I I293V E297V L301M Q334P G335D,,,,,,
MF622653.1,Success,4087,0,1,99,V3I I13V K14R I15V K20I E35D M36I S37N R41K I64M C67E H69K V82I L89M,1,242,K20R V35T T39K E40D K46Q K49R D67N T69N K70R V75L K103N V108I L109I D121Y D123E K173T Q174K D177E Y181C M184V G190A T200A Q207E R211K T215F K219Q H221Y F227Y K238T,,,,,,
MF622654.1,Success,4284,0,6,99,L10I I13V K20I M36I S37N R41K C67N H69K V82I L89M,1,251,K20R V35T T39E V60I K70E A98G K101EQ I135T T165IT K173I Q174K D177E Y181C M184V G190A T200A Q207E R211K L228R K238EK V245PQ D250E,,,,,,
MF622655.1,Success,4229,1,6,99,L10I I13V K20I M36I S37N R41K C67N H69K V82I L89M,1,251,K20R V35T T39E V60I K65EKQ* K70E A98G K101HQ I135T T165IT K173I Q174K D177E Y181C M184V G190A T200A Q207E R211K L228R V245Q D250E S251V,,,,,,
MF622656.1,Success,4113,0,6,99,I13A L19I K20I E35K M36I S37E L38I H69K K70R V77IV L89I,1,251,K20R V21I E28K V35I E40EQ K49R A62V K65R V75I K101E V108I Y115F E122K D123E S162A F171Y R172KR K173T Q174K D177E V179IMV Y181C M184V T200A I202V R206K Q207E R211N L214F E224D V245Q E248D D250E,,,,,,
MF622657.1,Success,4250,0,2,99,V3I I13A L19IL K20I E35K M36I S37E L38I R57KR H69K K70R L89I,1,255,K20R V21I E28K V35I K49R A62V K65R V75I K101E V108I Y115F E122K D123E S162A F171Y K173T Q174K D177E V179IMV Y181C M184V T200A I202V R206K Q207EG R211N L214F E224D V245Q E248D D250E,,,,,,
MF622658.1,Success,5307,0,1,99,V3I I13V K14T G16E L19I K20I M36I S37N R41K H69K I72IV V82I L89M,1,335,V35T V60I K65KR K103N E122K K173L Q174K I178M Y181CY M184IM T200A Q207E R211K L214F P225HP V245Q D250T S251D R277K Q278H T286AT V292I I293V S322T G335D,,,,,,
MF622659.1,Success,4423,0,1,99,V3I I13V K14T G16E L19I K20I M36I S37N R41K H69K I72IV V82I L89M,1,255,V35T V60I A98G K103N E122K K173L Q174K I178M M184MV T200A Q207E R211K L214F P225H V245Q D250T S251D,,,,,,
MF622660.1,Success,5167,0,1,99,V3I L10I I13V K14R K20I E35N M36I S37N R41K C67E H69K V77I V82I L89M,1,335,K20R V35T T39KR V60I K103N E122K I135V S162T K173A Q174K D177E M184I T200A Q207E R211K L214F P225H D237E V245Q E248N P272A R277K T286A E291D V292I I293V L310I S322T I326V G335D,,,,,,
MF622661.1,Success,4274,0,1,99,V3I L10I I13V K14R K20I E35N M36I S37N R41K C67E H69K V77IV V82I L89M,1,254,K20R V35T T39K V60I K70EK V75IMV K103N E122K I135IV S162T K173A Q174K D177E M184V G196EG T200A Q207E R211K L214F K219KR P225H L228R D237E V245Q E248N,,,,,,
MF622662.1,Success,5313,0,1,99,V3I I13V G16E K20I M36I S37N R41K H69K K70R L89M,1,335,K20R V35T E36A E122K D123E I135V S162A Q174E D177E T200A Q207E R211K V245KM P272A R277K T286A V292I I293V V317A S322T I326V G335D,,,,,,
MF622663.1,Success,4329,0,6,99,I13V G16E K20I M36I S37N R41K H69K K70R L89M,1,251,K20R V35T E36A V60I E122K D123E I135V S162A Q174E D177E T200A Q207EG R211K V245MV,,,,,,
MF622664.1,Success,5264,0,1,99,V3I I13V K14R K20I M36I S37N R41K I64L H69K K70R L89M,1,335,V35T S48LS E122EK D123E S162A K173T Q174K D177E G196E T200A Q207E L214F P243PS V245Q E248DE S251NS P272A R277K K281R L283I T286AT I293V P294T L295LM S322A I326V Q334P G335D,,,,,,
MF622665.1,Success,4242,0,6,99,I13V K14R K20I M36I S37N R41K I64L H69K K70R L89M,1,251,V35T K70KQ E122K D123E S162AT K173T Q174K D177E Y181IS M184V G196E T200A E203EK Q207E L214F H221Y P243S V245Q,,,,,,
MF622666.1,Success,5196,0,1,99,V3I L10I I13V K14R G16E K20I M36I S37N R41K H69K I72L L89M,1,335,I31L V35T E36D D67G V75I V90I K101Q K103N V106I D123N I135V S162A K173T Q174K D177E I178L G190A G196E T200A Q207E R211K L214F P243T V245Q E248D P272A K275R R277K T286A E291D V292I I293V P294T D320E S322T G335D,,,,,,
MF622667.1,Success,4262,0,2,99,V3I L10I I13V K14R G16E K20I M36I S37N R41K H69K I72L L89M,1,254,V35T E36D A62AV V75I V90I K103NS V106I D123N I135V I142IV S162A K173T Q174K D177E I178L M184I G190A G196EK T200A E203EK Q207E R211K L214F K219E M230L P243T V245Q E248D,,,,,,
MF622668.1,Success,4045,0,28,99,E35D M36I S37N R41K H69K K70R L89M,1,251,V35T E53D D121Y I135V S162A K173T Q174K D177E I178M Y181C M184V T200V Q207E L214F F227C L234I P243T V245Q,,,,,,
MF622669.1,Success,4116,0,22,99,E35D M36I S37N R41K H69K K70R L89M,1,251,V35T E53D D121Y I135V S162A K173T Q174K D177E I178M Y181C M184V T200V Q207E L214F F227C L234I P243T V245Q,,,,,,
MF622670.1,Success,5345,0,1,99,V3I I13V L19P K20I M36I S37N R41K K43PT H69K L89M,1,335,K22KR V35T E36DE V60I K103N V108I E122V I135L S162A K173T Q174K D177E M184IMV T200A Q207E L214F V245Q R277K L283I T286AT E291D V292I I293V P294T S322A I326IV G335D,,,,,,
MF622671.1,Success,4396,0,2,99,V3I I13V L19P K20I M36I S37N R41K K43T F53FY H69K L89M,1,254,K22KR V35IMT E36DE T39AT V60I A62AV K65KR S68NST K70KN L74IL V90IV A98AG K103N V108I E122V I135L S162A K173T Q174K D177E M184V T200A E203EK Q207E L214F P225HP V245Q,,,,,,
MF622672.1,Success,5149,0,1,99,V3I I13V I15V K20I M36I S37N R41K I64L C67S H69K V82I L89M,1,335,K20R V35T T39K V60I D67N K70E V75L K101E V108I L109I Y115F T139AT K173A Q174K D177E I178M M184V G190A T200A Q207E R211K H221HY V245Q E248D D250E S251H R277K Q278H K281R T286A E291D V292I I293V E297T L301M D324E L325I I329V Q334P G335D,,,,,,
MF622673.1,Success,4218,0,2,99,V3I I13V I15V K20I M36I S37N R41K I64L C67S H69K V82I L89M,1,253,K20R V35T T39K V60I D67N K70E V75L I94IL K101E V108I L109I Y115F T139AT K173AT Q174K D177E I178M Y181CY M184V G190A T200A Q207E R211K H221Y V245Q E248D D250E S251H,,,,,,
MF622674.1,Success,4149,0,6,99,I13V K20I E35G M36I R41K L63P H69K V77I P79S L89M,1,251,E6D T27S V35T T39N E53D V60I K65R S68T V90I K103N E122K I135T T139S S162A K173A Q174K D177E Y181C M184V Q207E R211K L214F H221Y V245Q D250E S251N,,,,,,
MF622675.1,Success,4267,0,1,99,V3I I13V K20I E35G M36I R41K L63P H69K V77I P79S L89M,1,254,E6D K20KR T27S V35T T39N E53D V60I K65R S68T V90IV K103N Y115FY E122K I135IT T139S S162A K173A Q174K D177E Y181C M184V Q207E R211K L214F V245Q D250E S251N,,,,,,
MF622676.1,Success,5135,0,1,99,V3I I13V G16E K20I M36I S37D R41K E65D H69K L89M,1,328,V35T T39K K43E A98G K101KR Y115FY D123N I135V T139KT S162A K173S D177E V179I I180V Y181C M184V T200A Q207N R211K L214F H221Y V245Q P272A K281R T286A E291D V292I I293V P294T E312D,,,,,,
MF622677.1,Success,4293,0,2,99,V3I I13V G16E K20I M36I S37D R41K E65D H69K K70KR I72IV L89M,1,254,V35T T39K K43E K70E A98G Y115F D123N I135V S162A K173S D177E V179I I180V Y181C M184V T200A Q207N R211K L214F H221Y L228LR V245Q,,,,,,
MF622678.1,Success,4186,0,6,99,I13V K14R K20I E35Q M36I S37D R41K R57K C67E H69K V82I L89M,1,251,V35T T39M V60I K65R E122K D123DN I135T K173T Q174R V179E Y181C M184I T200A Q207K R211K L214F M230L V245Q E248D D250E S251N,,,,,,
MF622679.1,Success,4185,0,6,99,I13V K14R K20I E35Q M36I S37D R41K R57K C67E H69K V82I L89M,1,251,V35T T39M V60I K65R V90IV E122K D123DN I135T T165IT K173T Q174R V179E Y181C M184I T200A Q207K R211K L214F M230L V245Q E248D D250E S251N,,,,,,
MF622680.1,Success,5202,0,1,99,V3I I13V K14R G17E K20I M36I S37N R41K I64M H69K K70R L89M,1,335,E6N K11T V35T K65R S68GS V106A D123N I142V S162Y E169EK K173S Q174KQR D177E V179I M184MV G196EG T200AT I202V Q207DGNS R211K L214F F227L P243T V245Q D250E Y271F P272A V276I R277K Q278H T286A E291D V292I I293V G335D,,,,,,
MF622681.1,Success,4147,0,2,99,V3I T12AT I13V K14R G17E K20I M36I S37N R41K I64M H69K K70R L89M,1,246,E6N K11T K20R V35T A62V K65R S68G V106A D123N I142V S162Y S163ST K173S Q174KQR D177E V179I M184V T200A I202V Q207G R211K L214F F227L P243T V245Q,,,,,,
MF622682.1,Success,4329,0,6,99,I13V K14R K20I E35Q M36I S37N R41K R57K L63T C67E H69K I72T V82I L89M,1,251,V35T T39I V60I D123S A158S K173T D177E T200A Q207A R211K L214F V245Q E248D D250E,,,,,,
MF622683.1,Success,4356,0,2,99,V3I I13V K14R K20I E35Q M36I S37N R41K R57K L63T C67E H69R I72T V82I L89M,1,254,K20KR V35T K49R V60I K65R K103N D123S A158S K173T D177E I178M Y181C M184V T200A Q207K R211K L214F V245Q E248D D250E,,,,,,
MF622684.1,Success,5327,0,1,99,V3I I13V K14R I15V G16E K20I E35DN M36I S37N R57K L63P H69K K70R L89M,1,335,I31L V35T E36D T39A V106I I135V I142V S162A K173R Q174E D177E Y181C Y188CY T200A Q207EG R211K P272A R277K K281R T286A E291D I293V P294T S322T I326V G335D,,,,,,
MF622685.1,Success,4247,0,6,99,W6LW I13V K14R I15V G16E K20I E35D M36I S37N R57K L63P H69K K70R L89M,1,251,I31L V35T E36D T39A K70E V106I I135IV I142V S162A K173R Q174E D177E Y181C M184V T200A Q207G R211K H221Y L228R,,,,,,
MF622686.1,Success,5024,0,1,99,V3I L10I T12P I13V K14R I15V K20I E35Q M36I S37D R41K R57K C67E H69K V82I L89M,1,327,K20R V35T V60I A62AV K65KR D67DG K70EK A98G D123N I142IMT K173A Q174R V179E Y181C M184V I195L T200A I202IV Q207D L214F H221HY V245Q E248D D250E S251N P272A K275Q R277K T286A E291D V292I I293V D324E,,,,,,
MF622687.1,Success,4198,0,2,99,V3I L10I T12P I13V K14R I15V K20I E35Q M36I S37D R41K R57K C67E H69K V82I L89M,1,253,K20R V35T A62V K65R A98G D123N I142IT K173AT Q174KR V179E Y181C M184V I195L T200A I202IV Q207D L214F V245Q E248D D250E S251N,,,,,,
MF622688.1,Success,5196,0,1,99,V3I L10V V11I T12P I13V K14R I15V K20I E35Q M36I S37N R41K K45R R57K L63A C67E H69K V82I L89I,1,335,V35T K49R V60I D121Y K173T Q174K D177E I178M Y181C I195L T200A Q207E R211K L214F V245Q E248D D250E R277K E291D V292I I293V E297A D324E I329V Q334L G335D,,,,,,
MF622689.1,Success,4313,0,1,99,V3I L10V V11I T12P I13V K14R I15V Q18HQ K20I E34AE E35HQ M36I S37N R41K K45R R57K L63A C67E H69K V82I L89I,1,258,K20KR V35T K49R V60I A62AV K65R S68NS K101EK V108IV D121Y K173T Q174K D177E I178M Y181C M184V G190A I195L T200A Q207E R211K L214F V245Q E248D D250E D256A I257V,,,,,,
MF622692.1,Success,5337,0,1,99,V3I I13V I15V L19I K20I M36I S37N P39L R41K L63P I64L H69K V82IV L89M,1,335,V35T V60I E122K D123E I135LM S162CS E169D K173A Q174K D177E V179I M184V Y188L T200A Q207E R211K L214F T215Y V245E S251NS T286A E291D V292I I293V S322T I326V,,,,,,
MF622693.1,Success,4457,0,1,99,V3I I13V I15V L19I K20I M36I S37N P39L R41K L63P I64L H69K V82IV L89M,1,254,V35T V60I E122K D123E I135LM S162C E169D K173A Q174K D177E V179I M184V Y188L T200A Q207E R211K L214F T215Y V245E,,,,,,
MF622694.1,Success,5120,0,1,99,V3I L10I T12P I13V K14R Q18K K20V E35Q M36I S37D R41K R57K L63S C67E H69K V82I L89M,1,335,V35T E36D E40D V60I K65R K103N Y115F D121H I135T K173A Q174K D177E Y181C M184V G196E T200A Q207N R211K L214F V245Q E248D D250E R277K T286A E291D V292I I293V D324E I329V G335D,,,,,,
MF622695.1,Success,4208,0,4,99,L10I T12P I13V K14R Q18K K20V E35Q M36I S37D R41K R57K L63S C67E H69K V82I L89M,1,255,V35T E36D E40D V60I K65R K103N Y115F D121H I135T K173A Q174K D177E Y181C M184V G196E T200A Q207N R211K L214F V245Q E248D D250E,,,,,,
MF622696.1,Success,5303,0,1,99,V3I I13V K14R K20I M36I S37N R41K L63P H69K L89M,1,335,K20KR V35T D67DE K70EK A98G K101KN V108I I135V T139A S162A K173T Q174K D177E I178M Y181C M184V T200A Q207E R211K L214F K219KN L228LR V245Q P272A R277K T286A E291D V292I I293V S322A I326V G335D,,,,,,
MF622697.1,Success,4322,0,6,99,I13V K14R K20I M36I S37N R41K L63P H69K L89M,1,251,K20KR V35T K70E A98G K101KN V108I I135V T139AT S162A K173T Q174K D177E I178M Y181C M184V T200A Q207E R211K L214F L228R V245Q,,,,,,
MF622698.1,Success,5220,0,1,99,V3I V11I I13V K14R L19P K20I M36I S37N R41K K43R L63P H69K K70R L89I,1,335,K11R V35T E36S K43Q K49R E53D K65R V90IV E122EQ I135V S162A K173T Q174K D177E I178M Y181C M184I G196E T200A Q207E R211K L214F M230L V245E D250E S251D P272A K275Q R277K T286A E291D V292I I293V P294T E297K K311R S322T I326V,,,,,,
MF622699.1,Success,4271,0,2,99,V3I V11I I13V K14R L19P K20I M36I S37N R41K K43R L63P H69K L89I,1,253,K11R V35T E36S K43Q K49R E53D K65R S68K I135V S162A K173T Q174K D177E I178M V179E Y181C M184V G196E T200A Q207E R211K L214F K219E L228H V245E D250E S251D,,,,,,
MF622700.1,Success,5196,0,1,99,V3I L10IL I13V K14R I15IV K20I E35Q M36I S37N R41K R57K C67E H69K V82I L89M,1,335,P4S V35T K43R K101EK D123N I135IM K173T Q174K D177E I178M V179MV Y181C M184IV G190AG T200A Q207E R211K L214F H221HY V245Q E248D D250E S251D R277K E291D V292I I293V E297K D324E L325I Q334L G335D,,,,,,
MF622701.1,Success,3629,0,3,99,V3I L10I I13V K14R I15V K20I E35Q M36I S37N R41K R57K C67E H69K V82I L89M,1,198,P4S E28EK V35T K43R K70E K101E D123N K173T Q174K D177E I178M Y181C M184I,,,,,,
MF622702.1,Success,5255,0,1,99,V3I I13V K14R K20I M36I S37N R41K K43KR L63P I64L H69K K70R V82I L89M,1,335,V35T T39A K65R S68GS K102Q E122K D123E I135L Y146SY S162A K173T Q174K D177E Y181C M184V T200A Q207E R211K L214F V245Q D250E R277K T286A E291D V292I I293V P294T S322T D324E G335D,,,,,,
MF622703.1,Success,4437,0,1,99,V3I I13V K14R K20I M36I S37N R41K K43KR L63P I64L H69K K70R V82I L89M,1,255,V35T T39A P55PS K65R S68G K102Q E122K D123E I135L S162A K173T Q174K D177E Y181C M184V T200A Q207E R211K L214F V245Q D250E,,,,,,
MF622704.1,Success,5247,0,1,99,V3I I13V K20I M36I S37N R41K C67S H69R I72V V82I L89M,1,335,K20R V35T T39K E40DE K49R V60I A98AG K103KN K104R D123S I135T I159IV T165IT Q174E D177E I178IL Y181CY T200A Q207N R211K L214F H221HY V245KLMQ E248DN D250DE S251NS P272A R277K T286A E291D V292I I293V P294T S322A G335D,,,,,,
MF622705.1,Success,4222,0,1,99,V3I I13V I15IV K20I M36I S37N R41K C67S H69R I72V V82I L89M,1,244,K20R V35T T39K K49R V60I K65R S68G A98AG K103N K104R Y115FY D123S I135T T165I Q174E D177DE I178IL Y181C M184V T200A Q207N R211K L214F K219E,,,,,,
MF622706.1,Success,5239,0,1,99,V3I L10I I13V L19P K20V M36I R41K L63C H69R L89M,1,335,T27S V35T T39A E40D K65KR S68T K103N K173A Q174KR D177E Y181C M184IMV T200I Q207A R211K L214F P243T V245K D250E K275R R277K Q278HQ R284KR T286A E291D V292I I293V E297A A304E V317L G333E,,,,,,
MF622707.1,Success,4287,0,1,99,V3I L10I I13V L19P K20V M36I R41K L63C H69R K70KR L89M,1,255,T27S V35T T39A E40D A62V K65R S68T K103N K173A Q174KR D177E Y181C M184V T200I Q207A R211K L214F P243T V245K D250E,,,,,,
MF622708.1,Success,5190,0,1,99,V3I I13V K20I M36I S37N I62V L63P C67S H69K V82I L89M L90M,1,335,K20R V35T T39N E40D V60I K65R K101EK V108I Y115F I135R K173IV Q174K D177E Y181C M184V T200A Q207K R211T L214F V245Q E248D D250E I274V R277K Q278H K281R T286A E291DE V292I I293V E297T L301M D324E I329V Q334P G335E,,,,,,
MF622709.1,Success,4333,0,4,99,I13V K20I M36I S37N I62V L63P C67S H69K V82I L89M L90M,1,255,K20R V35T T39N E40D V60I K65R K101E V108I Y115F I135R K173I Q174K D177E Y181C M184V T200A Q207K R211T L214F V245Q E248D D250E,,,,,,
MF622710.1,Success,5221,0,1,99,V3I I13V G16E K20I E35G M36I S37N R41K R57K H69K K70R V77I L89M,1,335,P4T K20R V35T S48T V60I K70EK K103N D123N I135L S162A K173T Q174K D177E I178M M184V T200A Q207E L214F P225PS V241M V245N E248D P272A K275Q R277K E291D V292I I293V E312Q V317A,,,,,,
MF622711.1,Success,4068,0,12,99,I13V G16E K20I E35G M36I S37N R41K R57K H69K K70R V77I L89M,1,251,P4T K20R V35T S48T V60I D67N K70R K103N D123N I135L T139I S162A K173T Q174K D177E I178M M184V T200A I202IV Q207E L214F K219E V241M V245N E248D,,,,,,
MF622712.1,Success,5247,0,1,99,V3I T12A I13V K14R G16E K20I E35D M36I S37N R41K K43R H69K K70R L89M,1,335,V35T T39A S48T V60I K65R S68G D121H K173T Q174K D177E I178M Y181C M184I T200A Q207K R211Q L214F M230L P243T P272A K275Q R277K T286A E291D V292I I293V E297A E312Q,,,,,,
MF622713.1,Success,4401,0,1,99,V3I T12A I13V K14R G16E K20I E35D M36I S37N R41K K43R I64M H69K K70R L89M,1,259,V35T T39A S48T V60I K65R S68G V90I D121H K173T Q174K D177E I178M Y181C M184I T200A Q207K R211Q L214F K219E M230L P243T,,,,,,
MF622714.1,Success,4117,0,6,99,L10I I13V K20I E35Q M36I S37N R41K K45R R57K L63P I64L C67E H69K V82I L89M,1,251,T7AT V35T E36D D67N T69D K70R L74I I94L A98G K103N V108I D121H I135L K173AT Q174K D177E I178FIL M184V T200A Q207E H208HY R211K L214F T215F D218E K219Q V245Q E248DN,,,,,,
MF622715.1,Success,4242,0,1,99,V3I L10I I13V K20I E35Q M36I S37N R41K K45R R57K L63P I64L C67E H69K V82I L89M,1,255,V35T E36D D67N T69D K70R L74I I94L A98G K103N V108I D121H I135L I167IV K173A Q174K D177E I178FIL M184V T200A Q207E R211K L214F T215F D218E K219Q V245Q E248N,,,,,,
MF622716.1,Success,5286,0,1,99,V3I I13V I15V G17E K20I M36I S37N L63P H69K I72M L89M,1,335,V35T A62AV K65R S68GS V90I V108IV I142IV S162A K173S Q174K D177E I178IM Y181C M184IMV T200A Q207E L214F V245T S251N P272A K275Q R277K T286A E291D V292I I293V S322T G335D,,,,,,
MF622717.1,Success,3826,0,10,99,I13V I15V G17E K20I M36I S37N L63P H69K I72ILM L89M,1,218,V35T A62AV K65R S68G V90I V108IV T139KT I142V S162A K173S Q174K D177E Y181C M184V T200A Q207E L214F,,,,,,
MF622718.1,Success,5243,0,1,99,V3I I13V K14KR K20I M36I S37N R41K L63V I64M H69K L89M,1,335,V35T E36D E40EK K49KR K65R K103N Y115FY E122P I135V T139A S162A K173T Q174K D177E I178V Y181C T200A Q207E R211KR L214F V245E P272A R277K T286AT E291D V292I P294A S322T G335T,,,,,,
MF622719.1,Success,4385,0,1,99,V3I I13V K14KR G17EG K20I M36I S37N R41K L63V I64M H69K K70KR L89M,1,254,V35T E36D K49KR K65KR S68NS K103KN Y115FY E122P I135V T139AT S162A K173T Q174K D177E I178V Y181CY M184MV T200A Q207E R211KR L214F V245E,,,,,,
MF622720.1,Success,5305,0,1,99,V3I L10LV I13V K14KR G16E K20I E35D M36I S37N R41K I64L H69K K70R I72IV L89M,1,335,V35T T39L L74I A98AG K103N E122K D123E I135IT S162A K173A Q174K D177E M184V T200A Q207E R211K L214F P225H P243T V245T D250E R277K K281KR E291D V292I I293V S322T G335D,,,,,,
MF622721.1,Success,4179,0,1,99,V3I L10V I13V K14KR G16E K20I E35D M36I S37N R41K I64L H69K K70R I72IV L89M,1,236,K20KR K22KR V35T T39L K70KN L74I A98G K103N E122K D123E S162A K173A Q174K D177E M184V T200A Q207E R211K L214F P225H,,,,,,
MF622722.1,Success,5277,0,1,99,V3I I13A Q18R K20I R41K L63P H69K K70R L89M,1,335,V35T E36D T39M K49KR E53D K70EK V90IV D123N I135V T139R S162A K173I Q174K I178M V179MV Y181C M184I T200A Q207G R211K L214F K249Q S251V P272A R277T T286A E291AD V292I I293V P294T E297D S322T G335D,,,,,,
MF622723.1,Success,4350,0,1,99,V3I I13A Q18R K20I M36I S37E R41K L63P H69K K70R L89M,1,254,V35T E36D T39M K49KR E53D K65KR S68DGNS V90I D123N I135V T139R S162A K173I Q174K I178M V179IMV Y181C M184V T200A Q207G R211K L214F K249Q S251V,,,,,,
MF622724.1,Success,5232,0,1,99,V3I L10IV I13V K14R G16E E35D M36I S37N R41K L63T H69K L89M,1,335,V35T T39K K43Q V60IV K64R K65KR S68GS V90IV K103N D123N I135T S162A K173T Q174K D177E Y181C M184I T200AT Q207A R211K L214F V245Q S251H P272A R277K L283IL E291D I293V P294T I326IV G335D,,,,,,
MF622725.1,Success,4162,0,6,99,L10I I13V K14KR G16E E35D M36I S37N R41K L63T H69K L89M,1,251,K20KR V35T T39K K43Q K49KR V60IV K64R K65R S68G T69IT K70T V90I A98AG K103N D123N I135T S162A T165I K173T Q174K D177E Y181C M184I T200A Q207A R211K V245Q S251H,,,,,,
MF622726.1,Success,5192,0,1,99,V3I L10M I13V K14R I15V Q18K K20I M36I S37D R41K I64M C67E H69K V82I L89M I93L L97I,1,335,V35T T39L V60I A98G K103N V108I I135T I142V K173T M184V T200A Q207D D218E H221Y V245Q E248D D250E R277K T286A E291D V292I I293V K311R D324E I329V Q334L G335D,,,,,,
MF622727.1,Success,4044,0,3,99,V3I L10M I13V K14R I15V Q18K K20I M36I S37D R41K I64M C67E H69K V82I L89M I93L L97I,1,238,K20R V35T T39L V60I K70Q A98G K102R K103N V108I L109I I135T I142V K173T M184V T200A Q207D D218E H221Y,,,,,,
MF622728.1,Success,5122,0,1,99,V3I I13V K14R K20I E35Q M36I S37D R41K R57K L63P I64M C67E H69K V82I L89M,1,335,V35T T39K M41L K104R S105Q V106A L109IL D123S S162CST K173A Q174K D177E I178IV M184V T200A H208HY R211K L214F T215Y F227L V245K E248D D250E P272S R277K T286A E291D V292I I293V I329L Q334P G335D,,,,,,
MF622729.1,Success,4261,0,1,99,V3I I13V K14R K20I E35Q M36I S37D R41K R57K L63P I64M C67E H69K V82I L89M,1,254,V35T T39K M41L K43E E44A K104KR S105Q V106A L109I D123S S162CST K173A Q174K D177E M184V I195IV T200A I202IV E203DE H208Y L210W R211K L214F T215Y K219N F227L V245K E248D D250E,,,,,,
MF622730.1,Success,5351,0,1,99,V3I I13V K14R G16EG K20I E35EQ M36I S37DE R41K H69K K70KR L89M,1,335,I31IL V35T E36DE S68GS K103N E122K D123DE S162AGST F171FY K173KT Q174EK D177E Y181CY M184V T200A I202IV Q207E R211KR L214F K219EK P243HPQ V245Q E248DE D250DE S251IS P272AP K275KR R277K L283IL R284KR T286AT E291D V292I I293V P294T S322T I326IV G335D,,,,,,
MF622731.1,Success,4447,0,1,99,V3I I13V K14R G16E K20I E35Q M36I S37E R41K R57KR H69K K70R L89M,1,254,V35T M41L A98G K103N E122K D123E I135T Q174E D177E M184V T200A Q207E R211K L214F T215Y T240M V245Q E248D D250E,,,,,,
MF622732.1,Success,5317,0,1,99,V3I I13V K20I E35Q M36I S37N R41K R57K L63P C67* H69E V82I L89M,1,334,I31L V35T T39M V60I T69N K101Q D123N I135R K173T Q174K D177E I178M Y181C M184V T200A Q207E L214F H221Y V245Q E248D D250E R277K T286A E291D V292I I293V P321S D324E I329V Q334L,,,,,,
MF622733.1,Success,4395,0,1,99,V3I I13V K20I E35Q M36I S37N R41K R57K L63P C67E H69K V82I L89M,1,254,I31L V35AITV T39M K49KR V60I T69N K70R K101HQ D123N I135R K173T Q174K D177E I178M Y181C M184V T200A Q207E L214F T215FIST H221HY L228LR V245Q E248D D250E,,,,,,
MF622734.1,Success,4305,0,6,99,I13V K14R K20I M36I S37N R41K C67E H69K V82I L89M,1,251,P25AP V35T K49R V60I K70KR A98G D123ST T128IT Q174N D177E M184V G190A T200A Q207E R211K L214F P243S V245Q E248D D250E,,,,,,
MF622735.1,Success,4374,0,1,99,V3I I13V K14R K20I M36I S37N R41K C67E H69K V82I L89M,1,255,V35T M41LM K49R V60I D67N K70R A98G D123T Q174N D177E M184V G190A T200A Q207E R211K L214F T215NSTY D218E K219Q P243AS V245Q E248D D250E N255M,,,,,,
MF622736.1,Success,5345,0,1,99,V3I I13A K14R K20I M36I S37N R41K L63P H69K L89M,1,335,V35T E36D E122K D123E I135V S162A K173T Q174KN D177E Y181CY T200A Q207E R211K L214F K219KN P243H V245E E248D P272A R277K T286A E291D V292I I293V S322T I326V,,,,,,
MF622737.1,Success,4284,0,1,99,V3I I13A K14R K20I M36I S37N R41K L63P H69K L89M,1,245,V35T E36D D67DN K70R V90I V108I E122K D123E I135V S162A K173T Q174KN D177E Y181C M184V T200A Q207E R211K L214F T215I K219E L228R P243H V245E,,,,,,
MF622738.1,Success,5102,0,1,99,V3I L10I I13V I15V K20I E35D M36I S37N R41K C67E H69K K70R A71P V82I L89M,1,335,K20R E28K V35T T39N E40D V60I D67N K70R K103N K104R E122K I135T K173A Q174K D177E M184V T200A Q207E R211K V245Q E248D D250E S251D R277K Q278H T286A T290Q E291T V292G I293Y L295* T296R E297A L301M I326V I329V Q334L G335D,,,,,,
MF622739.1,Success,4228,0,1,99,V3I L10I I13V K14KR I15V K20I E35D M36I S37N R41K C67E H69K K70R V82I L89M,1,254,K20R V35T T39N E40D M41L V60I D67N K70R V75M A98S K103N K104KR E122K I135T E138Q K173A Q174K D177E M184V T200A Q207E R211K T215F K219Q L228H K238T V245Q E248D D250E S251D,,,,,,
MF622740.1,Success,5174,0,1,99,V3I I13V I15V L19V K20R M36I S37N R41K L63Q I64L H69K L89M I93L,1,335,T7A V35T T39DE V60I K101Q D121H I135R S162C K173T Q174R D177E M184V G190A T200A Q207E R211K L214F T215F M230L V245Q K275Q L283I E291D V292I I293V Q334N,,,,,,
MF622741.1,Success,4442,0,1,99,V3I I13V I15V L19IV K20R M36I S37N R41K Q58EQ L63Q I64L H69K L89M I93L,1,268,T7A V35T T39E S48T V60I K101H D121H I135R S162C K173T Q174KR D177E V179IV M184V G190A T200A Q207E R211K L214F T215F M230L V245Q,,,,,,
MF622742.1,Success,5232,0,1,99,V3I I13V G16E K20I E35D M36I S37T R41K H69K K70R L89M,1,335,E28K V35T T39K K49R A98G K101E D123N I142V K173T Q174K D177E Y181C M184V T200A Q207E L214F T215Y V245Q D250E P272A R277K K281R T286A E291D V292I I293V P294T S322T G335D,,,,,,
MF622743.1,Success,4334,0,1,99,V3I I13V G16E K20I E35D M36I S37NT R41K I64IM H69K K70KR L89M,1,254,E28K K32EK V35T T39K M41LM E44DE K49R V60IV A98G K101E D123N I135IT I142IV K173T Q174K D177E Y181C M184V T200A Q207E L214F T215Y V245Q D250E S251H,,,,,,
MF622744.1,Success,4308,0,6,99,I13V K20R M36I S37D R41K H69K L89M,1,251,V35T K49R K103KN D123E I135V S162A E169R K173T Q174E D177E Y181CY M184V T200A Q207E L214F V245Q,,,,,,
MF622745.1,Success,4401,0,1,99,V3I I13V K20R M36I S37D R41K H69K L89M,1,254,V35T K49R K103KN D123E I135V S162A E169R K173T Q174E D177E V179IV Y181CY M184V T200A Q207E L214FL L228HL V245Q,,,,,,
MF622746.1,Success,5307,0,1,99,V3I I13V K20I E35D M36I S37N R41K K43R H69K K70KR V82I L89M,1,335,V35T E53D D121Y I135L E138EQ S162A K173T Q174K D177E M184V G190A T200A Q207K R211E L214F V245E S251D P272A R277K T286A E291D V292I P294V L295M E297K S322T I326V G335D,,,,,,
MF622747.1,Success,4298,0,2,99,V3I I13V K20I E35D M36I S37N R41K K43R H69K K70R V82I L89M,1,252,V35T M41L E53D A98G D121Y I135L K173T Q174K D177E M184V G190A T200A E203D Q207K R211E L214F T215F V245K S251D,,,,,,
MF622748.1,Success,5250,0,1,99,V3I I13V K20I M36I S37T R41K L63P H69K L89M,1,335,D17Y V35T E36D T39M V60I A62S K103N D123S I135V E138Q S162A S163R K173T Q174K D177E I178M M184V T200A Q207E V245Q S251D P272A R277K T286A E291D V292I I293V P294T E312D S322T I326V G335D,,,,,,
MF622749.1,Success,4382,0,1,99,V3I I13V K20I M36I S37T R41K L63LP I64M H69K L89M,1,255,V35T E36D T39MT M41LM V60I S68GS A98S K103N D123S I135IV E138Q S162AT K173T Q174K D177E I178M M184V T200A Q207E L214F T215F V245Q D250E S251D,,,,,,
MF622750.1,Success,5169,0,1,99,V3I L10I I13V K14R K20I E35N M36I S37D R41K C67E H69K V82I L89M,1,335,K20R V35T I50V W88C K104R D123N E138Q I142V K166R K173T Q174R D177E I178L M184V G190A T200A Q207E R211S V245Q E248D D250E S251N K281R T286A E291D V292I I293V P321S D324E I329V Q334L G335D,,,,,,
MF622751.1,Success,4048,0,3,99,V3I L10I I13V K14R K20I E35N M36I S37D R41K R57KR C67E H69K V82I L89M,1,238,K20R V35T I50IV V60I D67N K70KR W88C K101E K104R D123N E138Q I142V K166R K173T Q174R D177E I178M M184V G190A T200A Q207E R211S K219Q,,,,,,
MF622752.1,Success,5144,0,1,99,V3I L10I T12K I13V K20I M36I S37N R41K C67S H69K V82I L89M,1,335,K11Q K20R V35T T39S V60IV S68G V90I K104R V106A D121H D123S E138Q K166Q Q174R D177E I178L M184V T200A Q207E R211K I244V V245Q E248D D250E S251N R277K Q278H T286A E291D V292I I293V L301FL E308G I309N V317AILPTV D320ADHP K323N A327T I329L G333GR Q334P G335NT,,,,,,
MF622753.1,Success,4258,0,1,99,V3I L10I T12KT I13V K20I M36I S37N R41K C67S H69K V82I L89M,1,254,K11Q K20R V35T T39S K49KR V60IV D67G S68G K70R K104R V106A D121H D123S E138Q K166Q Q174R D177E I178L V179E M184V T200A Q207E R211K T215I K219E I244V V245Q E248D D250E S251N,,,,,,
MF622754.1,Success,5214,0,1,99,V3I I13V K14KR I15V Q18QR K20I E35Q M36I S37DE R41K R57K L63P C67E H69K V82I L89M,1,335,V35T V60I V118I D123S I135R K173IV Q174K D177E T200A I202V Q207AEV R211AEKT V245Q E248D D250E T286A E291DE V292I I293V D324E I329V G333E Q334HPSY G335D,,,,,,
MF622755.1,Success,4264,0,1,99,V3I I13V K14KR I15V Q18R K20I E35Q M36I S37E R41K R57K L63P C67E H69K V82I L89M,1,254,V35T M41LM V60I T69NT A98G K101E V118I D123S I135K K173I Q174K D177E M184V G190S T200A I202V E203AE Q207E R211T T215Y V245Q E248D D250E,,,,,,
MF622756.1,Success,5163,0,1,99,V3I T4AT I13V L19IV K20I E35S M36I S37N R41K H69K L89M,1,335,K20R V21I V35T T39A V60I D67DN K102Q V106G D121H I135K E138A Q174R D177E V179E M184V T200A R211K L214F V245Q E248D P272S R277K T286A V292I I293V E297A V317A,,,,,,
MF622757.1,Success,4265,0,1,99,V3I I13V L19I K20I E35S M36I S37N R41K H69K L89M,1,254,K20R V21I V35T T39S K49R V60I V108IV D121H I135K S162NS Q174R D177E V179E Y181C M184V T200A L210LW R211K L214F T215Y L228LR V245Q E248D,,,,,,
MF622758.1,Success,4163,0,6,99,I13V K14R L19I K20I M36I S37N R41K K43R L63P C67E H69K V82I L89M,1,251,K20R V35T M41LM V60I A98S K103N D123S I135T K166R Q174A D177E I178M M184V T200A Q207S R211K L214F T215Y P243Q V245Q E248D D250E,,,,,,
MF622759.1,Success,4252,0,1,99,V3I I13V K14R L19I K20I M36I S37N R41K K43R L63P C67E H69K V82I L89M,1,254,K20R V35T T39AT M41L E44DE V60I D67DN A98S K103N D123S I135T K166R Q174A D177EG I178M M184V T200A Q207DGNS R211K L214F T215Y K223KQ P243Q V245Q E248D D250E,,,,,,
MF622760.1,Success,5277,0,1,99,V3I I13V G17E K20I E35D M36I S37N C67E H69R L89M,1,335,V35T E36D K49R V60I E122K D123E K173I Q174K D177E I178M Y181C T200A Q207K R211A L214F V245Q E248D S251D V276I R277K T286A E291D V292I I293V K311R I329L Q334P G335D,,,,,,
MF622761.1,Success,4302,0,2,99,V3I I13V G17E K20I E35D M36I S37N C67E H69R L89M,1,253,I31L V35IT E36D T39AT K49R V60I R83KR A98G E122K D123E K173I Q174K D177E I178IM Y181C M184V T200A Q207K R211A L214F H221Y V245Q E248D S251D,,,,,,
MF622762.1,Success,5192,0,1,99,V3I I13V L19P K20I M36I S37N R41K K43R L63H H69K L89I,1,335,V35T E36D K103N E122K I135V S162A K173I Q174K D177E I178M M184MV G196E T200A K201I Q207E R211K L214F P243I I244* V245S S251N K275R R277K E291D V292I I293V P294T E297K S322T G335D,,,,,,
MF622763.1,Success,4375,0,1,99,V3I I13V L19P K20I M36I S37N R41K K43R L63H H69K L89I,1,254,V35T E36D V60IV S68GS A98G K103N E122K I135V S162T K173IR Q174K N175NY D177E I178M M184V G196E T200A K201IR E203DE Q207E R211K L214F T215Y K238T P243H V245E S251H,,,,,,
MF622764.1,Success,5107,0,1,99,V3I L10I I13V I15V K20I M36I S37N R41K L63T C67S H69Q I72T V82I L89I,1,335,K20R V35T T39D M41L E44D V60I D67N K70KR V75M A98S K103N E122P T139KR E169D K173T Q174K D177E I178M M184V G196E T200A E203D Q207E H208Y R211K L214F T215S V245Q D250E S251D R277K E291D V292I I293V I329V G335D,,,,,,
MF622765.1,Success,4145,0,2,99,V3I L10I I13V I15V K20I M36I S37N R41K L63T C67S H69Q I72T V82I L89I,1,258,K20R V35T T39D M41L E44D V60I D67N K70R V75M A98S K103N E122P T139KR E169D K173T Q174K D177E I178M M184V G196EG T200A E203D Q207E H208Y R211K L214F T215Y K238T V245Q E248D D250G S251T D256A I257Y Q258R,,,,,,
MF622766.1,Success,5259,0,1,99,V3I I13V K14R K20I E35Q M36I S37D R41K L63P C67E H69K V82I L89M,1,335,V35T V60I K103N D123S I132V I135T S162C K173A Q174K D177E I178M M184V Q197E T200A Q207D R211K L214F L228R V245Q E248D D250E P272A K275Q R277K T286A E291D V292I I293V E297K D324E Q334L G335D,,,,,,
MF622767.1,Success,4246,0,4,99,L10I I13V K14R K20I E35Q M36I S37D R41K L63P C67E H69K V82I L89M,1,254,V35T T39AT M41L V60I A98G K103N V118IV D123S I132V I135T S162C K173A Q174K D177E I178M M184V Q197E T200A Q207D L210LW R211K L214F T215F L228R V245Q E248D D250E,,,,,,
MF622768.1,Success,5331,0,1,99,V3I L10I I13V K14M G16E L19P E35D M36I S37N R41K L63T H69Q I72IT L89M,1,335,K20R T27ST V35IK T39D V60IV E122K I135T I142V S162CS K173A Q174K D177E G196E T200A I202V Q207N R211K V245Q D250DE R277K K281KR T286A I293V P294T G335D,,,,,,
MF622769.1,Success,4249,0,1,99,V3I L10I I13V K14IMRS G16E L19LP E35D M36I S37N R41K L63T L89M,1,249,K20R V35R T39D M41LM V60IV A98G D123N I135T I142V K173A Q174K D177E V179I M184V G190A G196E I202V Q207N R211K T215F V245Q,,,,,,
MF622770.1,Success,4313,0,6,99,T12S I15V L19M K20R M36I S37N R41K D60E Q61E H69K A71AV L89M I93L,1,251,K13R V35T T39E K173A Q174K D177E Y181C M184V T200A E203EK Q207E R211K L214F K223T W239RW P243T V245Q,,,,,,
MF622771.1,Success,4402,0,1,99,V3I T12S I15V L19MV K20R M36I S37N R41K D60E Q61E L63LP H69K L89M I93L,1,254,E28EK V35T T39E K103N K173A Q174K N175NY D177E Y181CY M184V T200A E203EK Q207E R211K L214F T215FIST K223T L228LR P243T V245Q,,,,,,
MF622772.1,Success,4256,0,6,99,T12AT I13V K14R K20I E35Q M36I S37D R41K K45R R57K C67E H69K V82I L89M,1,251,I31L V35T K49R V60I E122K T165K K173T Q174R D177E I178M Y181C M184V T200A Q207E R211K L214F V245Q E248D D250E S251D,,,,,,
MF622773.1,Success,4272,0,1,99,V3I T12A I13V K14R K20I E35Q M36I S37D R41K K45R R57K C67E H69K V82I L89M,1,252,I31L V35T T39A K49R V60I D67DE T69N K70R E122K K173T Q174R D177E I178M Y181C M184V T200A Q207E R211K L214F T215F K219Q L228R V245Q E248D D250E S251D,,,,,,
MF622774.1,Success,5296,0,1,99,V3I L10LV I13V K14R G17E K20I -35T -35N M36L S37N R41K K43R L63T I64M H69K K70R L89M,1,335,V35T V60I S68CGRS A98G K103N E122K D123E I135T S162A D177E M184V G196E T200A Q207G R211K V245Q E248D R277K L283I T286A E291D V292I I293V S322AT Q334LQ G335D,,,,,,
MF622775.1,Success,4316,0,1,99,V3I L10LV I13V K14R G17E K20I -35T -35N M36L S37N R41K K43R I62IV L63T I64M H69K K70R L89M,1,254,K20KR V35T M41LM V60I D67N K70R V75IMV A98G K103N V108IV E122K D123E I135T S162A K173T Q174A D177E M184V G196E T200A Q207EG R211K T215F K219Q V245Q E248D,,,,,,
MF622776.1,Success,5214,0,1,99,V3I I13V K20I M36I S37N R41K L63S I64M C67S H69K V82I L89M,1,335,K20R V35T V60I A98G D121H I135T K166R K173T Q174R D177E Y181V M184V T200A E203K Q207E R211K L214F V245Q E248N D250E S251V Q278H T286A E291D V292I I293V E297T L301M I329V Q334L G335D,,,,,,
MF622777.1,Success,4310,0,1,99,V3I I13V K20I M36I S37N R41K L63S I64M C67S H69K V82I L89M,1,254,K20R E28EK V35T T39AT M41LM K49KR V60I D67DN K70KR A98G K101KQ V108IV D121H I135T E138EQ K166KR K173T Q174R D177E Y181CFGV M184V T200A E203EK Q207E R211K L214F T215Y K219EK V245Q E248N D250E S251V,,,,,,
MF622778.1,Success,5230,0,1,99,V3I L10M V11A I13V K14R G16EG K20I E35Q M36I S37KN R41K R57K I62V C67E H69K V82I L89M,1,335,E6EG V35T E40AEV K43EK S48ST K49KRT V60I K103N K104R D123N K173I Q174K D177E Q182HQ G196K Q197E T200A I202V Q207D L214F V245Q E248D D250E Q258HQ R277K T286A E291D V292I K311KN D324E I329V Q334P G335D,,,,,,
MF622779.1,Success,4332,0,1,99,V3I L10M V11A I13V K14R K20I E35Q M36I S37N P39PS R41K R57K I62V C67E H69K V82I L89M,1,254,E6EG V35S S48ST K49KR V60I K103N K104R D123N I135L K173I Q174K D177E M184V Y188L G196K Q197E T200A I202V Q207D L214F V245Q E248D D250E,,,,,,
MF622780.1,Success,5271,0,1,99,V3I I13V K14R K20I E35D M36I S37N R41K H69K K70R L89M,1,335,K11S V35T T39KT S48T V60I D121H D123S K166IKR K173S D177E M184V Y188F T200A Q207A R211K L214F V245Q P272A R277K T286A E291D I293V E312N S322A I329IV,,,,,,
MF622781.1,Success,4327,0,4,99,I13V K14KR K20I E35D M36I S37N R41K H69K K70R L89M,1,253,K11S V35T T39K S48T V60I D67NT T69NT K70KR D121H D123S K173S D177E M184V Y188L T200A Q207A R211K L214F K219E V245Q,,,,,,
MF622782.1,Success,4221,0,6,99,I13V K14KR K20I E35Q M36I S37D R41K R57K C67E H69K V82I L89M,1,251,V35T S48T V60I K101EK K103KN D123N I135V E138A S162C K173T Q174S D177E I178M M184V G190AG T200A Q207NS R211K L214F V245Q E248D D250E S251A,,,,,,
MF622783.1,Success,4304,0,1,99,V3I I13V K14KR K20I E35Q M36I S37D R41K R57K C67E H69K V82I L89M,1,254,V35AITV S48T V60I K101E D123N I135V E138A S162C K173T Q174S D177E I178M M184V G190A T200A Q207N R211K L214F V245Q E248D D250E S251A,,,,,,
MF622784.1,Success,5183,0,1,99,V3I L10I I13V K14R I15V G16E K20I E35Q M36I S37N P39S R41K R57K C67E H69K V82I L89M,1,335,V35T K102Q K103N D123S I135M K173T Q174N D177E I178M M184V T200A Q207A R211K L214F L228LR V245Q E248N P272A R277K T286A V292I I293V P294T I329V G335D,,,,,,
MF622785.1,Success,4267,0,1,99,V3I L10I I13V K14R I15V G16E K20I E35Q M36I S37N P39S R41K R57K C67E H69K V82I L89M,1,254,V35T K49KR K102Q K103N D123S I135M K173T Q174N D177E I178M M184V T200A Q207A R211K L214F T215Y L228LR V245Q E248N,,,,,,
MF622786.1,Success,5010,2,1,99,V3I I13V I15V K20I E35D M36I S37N R41K I64L C67S H69K V82I L89M L97FL N98T,1,335,S3K -5DE E6EKQ* K20R V35T E40D K49R V60I D67N T69NT K70R E89K V90S Q91S L92* G93E I94Y P95L H96N K103N V106I E122K T139R S162A K173T Q174K Y181C M184V T200A I202V Q207DE L214F T215F K219Q L228H V245R P272A R277K K281R L283IL T286A A288S V292I I293V E297K S322T I329V G335N,,,,,,
MF622787.1,Success,4309,0,1,99,V3I I13V I15V K20I E35D M36I S37N R41K I64L C67S H69K V82I L89M,1,254,K20R V35T E40D K49R V60I D67N T69NT K70R K103N V106I E122K T139R S162A K173T Q174K Y181C M184V T200A I202V Q207D L214F T215F K219Q L228H V245R,,,,,,
MF622788.1,Success,5358,0,1,99,V3I I13V K14KR G16E L19Q K20I M36I S37N R41KR H69K K70R I72IT L89M,1,335,V35T E36D T39K E53D V60I S68G E122K I135V S162A K173A Q174K D177E I178M T200A Q207E L214F V245E P272A R277K T286A E291D V292I I293IV P294A S322T G335D,,,,,,
MF622789.1,Success,4398,0,1,99,V3I I13V G16E L19Q K20I M36I S37N H69K L89M,1,255,V35T E36D T39K E53D V60I S68G V90I K103N E122K I135V T139M S162A K173T Q174K D177E I178M M184V T200A Q207E L214F K238T V245E,,,,,,
MF622790.1,Success,5160,0,1,99,V3I I13V K14R K20I E35N M36I S37N R41K L63P H69K V77I L89M,1,335,V35T K101Q V106A E122K D123E I135V S162A K173A Q174K D177E M184V T200A E203K Q207E R211A L214F V245Q E248N P272A K275R R277K Q278N T286A E291D V292I I293V P294T S322T I326V G335D,,,,,,
MF622791.1,Success,4095,0,19,99,K20I E35N M36I S37N R41K L63P H69K V77I L89M,1,254,K20KR V35T D67DN K70KR K101HQ V106A E122EK D123E I135V S162A K173A Q174K D177E M184V T200E E203K Q207E R211A L214F T215IT K219EK P225HP V245Q E248N,,,,,,
MF622792.1,Success,5352,0,1,99,V3I K14R L19I E35D M36I S37N R41K H69K L89M,1,335,I5IV K11T K20R V35T T39N S48L A98S D121H D123DG K173S Q197HQ T200A Q207A L214F I244IV V245KMT E248DE D250DE P272A R277K T286AV E291D I293V E312T G333E,,,,,,
MF622793.1,Success,4518,0,1,99,V3I K14R L19I E35D M36I S37N R41K H69K L89M,1,254,K11T K20R V35T T39N D121H I142V K173S T200A Q207D L214F V245M E248D,,,,,,
MF622794.1,Success,5318,0,1,99,V3I I13V K20I M36I S37N R41K I64M C67E H69R L89M,1,335,V35T V60IV K103N E122R D123E K173T Q174R D177E M184V T200A Q207E R211K L214F P243T V245Q S251H R277K T286A E291D V292I I293V I329V Q334L G335D,,,,,,
MF622795.1,Success,4455,0,1,99,V3I I13V K20I M36I S37N R41K I64M C67E H69R L89M,1,254,V35T K70KR K103N E122R D123E I135IL K173T Q174R D177E M184V T200A Q207E R211K L214F P243T V245Q S251H,,,,,,
MF622796.1,Success,5269,0,1,99,V3I I13V K14R G17E K20I M36I S37N R41K L63P I64M H69K K70R L89M,1,335,V35T E36D E40D V60I A98G K103N E122K D123E I135L S162A K173R Q174K D177E M184V Q197P T200A Q207E L214F T215F V245Q P272A R277K K281R T286A E291D V292I I293V P294T E297K S322T G335D,,,,,,
MF622797.1,Success,4318,0,2,99,V3I I13V K14R G17E K20I M36I S37N R41K L63P I64M H69K K70R L89M,1,254,K20KR V35IK E36DE T39AST E40DE M41L V60I L74I A98G K103N E122K D123E I135L E138Q S162A K173R Q174K D177E M184V Q197P T200A Q207E L210W L214F T215Y V245Q,,,,,,
MF622798.1,Success,5387,0,1,99,V3I I13V L19P K20I M36I S37N R41K H69K L89M,1,335,V35T K49R V60I K102KR E122Q D123E I135V Q161HQ S162AST E169Q K173T Q174E D177E M184V G190AGV T200A R206RS Q207E L214F H221Y V245Q P272A R277K T286A E291D V292I I293V S322T D324E I326V G335D,,,,,,
MF622799.1,Success,4364,0,1,99,V3I I13V L19P K20I M36I S37N R41K H69K L89M,1,244,V35T K49R V60I R83KR V90I A98AG E122Q D123E I135V T139RT S162A E169Q K173T Q174E D177E M184V G190A T200A Q207E L214F,,,,,,
MF622800.1,Success,5246,0,1,99,V3I T12A I13V K14R I15V K20I M36I S37N R41K H69K L89M,1,335,V21I V35T T39A S48T V60I R83KR K103N E122P I132V S162A K173T Q174N D177E I178L M184V T200A Q207K R211K H221Y V245Q E248D K275Q V276I R277K T286A E291D V292I I293V P294T S322T G335D,,,,,,
MF622801.1,Success,4306,0,2,99,V3I T12A I13V K14R I15V L19LV K20I M36I S37N R41K H69K L89M,1,254,V21IV V35T T39A M41L S48T V60I A98G K103N E122P I132V S162A K173T Q174N D177E I178IL M184V T200A Q207K R211N L214F T215Y H221Y V245Q E248D,,,,,,
MF622802.1,Success,5292,0,1,99,V3I I13V K14R K20I E35Q M36I S37N R41K R57K I64IM C67E H69R V82I L89M,1,335,V35T S48T D110DY E122K I135L S162A K173R Q174K D177E I178M M184V G190A T200A Q207E R211K L214FL L228R P243A V245Q E248D T286A E291D V292I I293V E297V Q334Y,,,,,,
MF622803.1,Success,4357,0,1,99,V3I I13V K14R K20I E35Q M36I S37N R41K R57K C67E H69R V82I L89M,1,253,V35T S48T K101HKNQ E122K I135L S162A K173R Q174KN D177E I178M V179MV M184V G190A T200A Q207E R211K L214FL L228R P243A V245Q E248D,,,,,,
MF622804.1,Success,5268,0,1,99,V3I I13V L19P K20I L33F M36I S37N R41K H69K K70R L89M,1,335,P4S V35T K103N E122K D123E S162A K173T Q174E D177E M184V Q207E L214F T215Y M230L V245Q P272A K275Q V276I R277K T286A E291D V292I I293V P294T S322T I326V G335D,,,,,,
MF622805.1,Success,4300,0,1,99,V3I I13V L19P K20I L33F M36I S37N R41K H69K K70R L89M,1,254,I2V P4S K20R V35T M41L E44D A98G K103N V108I L109I V111I E122K D123E S162A K173T Q174E D177E M184V G196EG I202IV E203EK Q207E H208HY L210W L214F T215Y K219N K223KQ L228HR M230L V245Q,,,,,,
MF622806.1,Success,5413,0,1,99,V3I L10V I13V K14R G16E K20I E35D M36I S37N R41K H69K K70R L89M,1,335,T7A V21IV V35T V60I K101EK I135T D177E I178V Y181C M184V G190A E204K Q207D R211K L228R V245H D250E T286A E297K I329L G333E,,,,,,
MF622807.1,Success,4392,0,2,99,V3I L10V I13V K14R G16E K20I E35D M36I S37N R41K H69K K70R L89M,1,252,T7A V21IV E28EK V35T V60I T69NT K70KR K101E D123DN I135T D177E I178V Y181C M184V G190A E204K Q207D R211K T215F K219Q L228R V245H D250E,,,,,,
MF622808.1,Success,5340,0,1,99,V3I T12S I13V K14R I15V L19I K20I M36I S37N R41K I64M I72V L89M,1,335,K20R V21I V35T T39A E40D E53D K103N E122K D123N T139K K173T Q174K D177E Y181C M184V T200A Q207E R211K L214F L228H V245Q E248D S251V P272A R277K E291D V292I I293V E297A E312Q,,,,,,
MF622809.1,Success,4313,0,3,99,V3I T12S I13V K14R I15V L19I K20I M36I S37N R41K I64M I72V L89M,1,253,K20KR V21I V35T T39A E40DE M41LM E53D T69NT K103N E122K D123DN T139K K173T Q174K D177E Y181C M184V T200A I202IV Q207E L210LW R211K L214F T215FY L228H V245Q E248D S251V,,,,,,
MF622810.1,Success,5289,0,1,99,V3I I13V K14R L19P K20I M36I S37D R41K L63P H69K L89I,1,335,V35T M41LM V60I K64R K70R A98G D121H D123S I135V S162T K173T Q174K D177E Y181C M184V T200A Q207E R211K L214F T215S H221Y V245E R277K T286A V292I I293V S322T I326V G335D,,,,,,
MF622811.1,Success,4462,0,1,99,V3I L10IL I13V K14KR L19P K20IM M36I S37D R41K L63P H69K L89I,1,261,S3CS T7AT V35T M41L E44D V60I K64KR D67N T69D K70R A98G D121H D123S I135V S162T S163C K173T Q174K D177E Y181C M184V T200A Q207E H208HY R211K L214F T215Y H221Y V245E L260I,,,,,,
MF622812.1,Success,5228,0,1,99,V3I I13V I15IV K20I E35D M36I S37N R41K L63P H69K K70R V82I L89M,1,335,K20R V35T T39KNT E40D V60IV K101EK K103KN E122K D123E K173T Q174K D177E Y181C M184V G190A G196GV T200AE Q207EK L210LM R211Q L228LR V245Q E248D D250E S251N I274V R277K Q278H T286A E291D V292I I293V E297A L301M L325IL I326IV I329V Q334P G335D,,,,,,
MF622813.1,Success,4379,0,1,99,V3I I13V I15IV K20I E35D M36I S37N R41K G48EG L63P H69K K70R V82I L89M,1,254,K20R V35T T39NT E40D V60IV K101EK K103KN E122K D123E T139KT K173T Q174K D177E Y181CY M184V T200E Q207K R211Q V245Q E248D D250E S251N,,,,,,
MF622814.1,Success,5363,0,1,99,V3I L10I I13V K20I E35Q M36I S37N R41K R57K L63P I64L C67* H69E I72IV V82I L89M,1,335,V35T E36D V60I K104R D121DHY I142IV Q174D D177E I178M T200A Q207N R211K L214F V245Q E248D D250G S251N R277K T286A E291D V292I I293V I329V Q334L G335D,,,,,,
MF622815.1,Success,4358,0,1,99,V3I L10I I13V K14R K20I E35Q M36I S37N R41K R57K I62V L63P I64L C67E H69K V82I L89M,1,255,V35T E36D M41LM V60I S68GS A98G K103N D121H K173R Q174D D177E I178M M184V T200A Q207K L210W R211K L214F T215Y D218E K219Q L228R M230L V245Q E248D D250G S251N,,,,,,
MF622816.1,Success,5264,0,1,99,V3I I13V K14R E35Q M36I S37D R41K R57K L63P C67E H69K V82I L89M,1,335,V35T D123NS K173A Q174K D177E M184V Y188L T200A Q207K L214F V245K E248D P272A R277K T286A E291D V292I P294T L295M Q334L G335D,,,,,,
MF622817.1,Success,4336,0,1,99,V3I I13V K14R K20I E35Q M36I S37D R41K R57K L63P C67E H69K V82I L89M,1,254,V35T M41L D67DN T69NT D123NS K173A Q174K D177E M184V Y188L T200A Q207E L214F T215Y K219EK V245T E248D,,,,,,
MF622818.1,Success,5251,0,1,99,V3I I13V G16E K20I M36I S37N P39Q R41K L63P H69K K70R L89M,1,335,V35T E40D K49R D67N K70KR A98S E122K D123E T139K S162A K173T Q174K D177E M184V G190A T200A Q207E R211K L214F T215F K219Q K238KN V245Q P272A R277K T286A E291D V292I I293V E297DGNS S322T G335D,,,,,,
MF622819.1,Success,4375,0,1,99,V3I I13V G16E K20I M36I S37N P39Q R41K L63P H69K K70R L89M,1,254,V35T E40D K49R D67N K70R A98S E122K D123E T139K S162A K173T Q174K D177E M184V G190A T200A Q207E R211K L214F T215F K219Q K238N V245Q,,,,,,
MF622820.1,Success,5242,0,1,99,V3I L10I I13V K14R G16E K20I E35Q M36I S37D R41K R57K I62V L63S C67E H69K V82I L89M,1,335,K20R V35T V60I K103N V108IV D121H K173T Q174K D177E I178L M184V T200A Q207D R211KR L214F V245Q E248D D250E R277K T286A E291D V292I I293V K311R V314A I329V Q334L G335D,,,,,,
MF622821.1,Success,4319,0,1,99,V3I L10I I13V K14R G16E K20I E35Q M36I S37D R41K R57K I62V L63S C67E H69K V82I L89M,1,253,K20R V35T M41L V60I A98G K103N D121H K173T Q174K D177E I178L M184V T200A Q207D L214F T215Y V245Q E248D D250E,,,,,,
MF622822.1,Success,5198,0,9,99,L10V I13V I15V G16E E35D M36I S37N R41K K45R L63T H69K I72V L89M,1,335,K11T V35T T39N V60IV K103N V108IV E122K K173A Q174K D177E M184V T200A Q207A R211K L214F V245K P272A R277K T286A I293V I326V G335D,,,,,,
MF622823.1,Success,4202,0,1,99,V3I L10V I13V I15V G16E E35D M36I S37N R41K K45R L63T H69K I72V L89M,1,241,P4PS K11T V35T T39N V60IMV K103N V108IV E122K K173A Q174K D177E M184V T200A Q207A R211K L214F,,,,,,
MF622824.1,Success,5199,0,1,99,V3I I13V K14R G16E K20I M36I S37N R41K Q61H H69K K70R I72T L89M,1,335,V35T K49IKR A98S V108I D123N I135T K173A Q174K D177E Y181C T200A Q207D R211K L214F L228R V245H E248D D250E P272T R277K T286A E291D V292I I293V P294Q E312Q D324E I329V Q334L G335D,,,,,,
MF622825.1,Success,4202,0,1,99,V3I I13V K14R G16E K20I E35D M36I S37N R41K Q61H H69K K70R I72T L89M,1,244,V35T K49KR T69N K70KR A98S K101KQ V108I D123NS I135T K173A Q174K D177E Y181C M184V T200A Q207D R211K L214F T215Y L228R,,,,,,
MF622826.1,Success,5328,0,1,99,V3I I13V K14R K20I M36I S37N R41K H69K V82I L89M,1,335,K20R V21I V35I V60I D67N K70KR K103N E122K T139R S162C K173T Q174K D177E M184V G190A T200A Q207E R211K L214F T215F K219Q V245Q E248D K249L R277K T286A V292I I293V S322T I326V G335D,,,,,,
MF622827.1,Success,4366,0,1,99,V3I I13V K14R K20I M36I S37N R41K H69K V82I L89M,1,251,K20R K32N V35I M41L V60I D67N K70R K103N T139R S162C K173AT Q174K D177E I178F M184V G190A G196E T200A Q207E R211K L214F T215F K219Q L228HL V245Q E248D K249Q,,,,,,
MF622828.1,Success,5234,0,1,99,V3I L10I I13V Q18H K20I E35Q M36I S37N R41K K45R R57K L63P C67E H69Q V82I L89M,1,335,V35T T39L V60IV A98G K101EK E122K I135V K173T Q174K D177E Y181CY M184V G190A T200A I202V E203EK Q207D L214F V245Q E248DE D250E S251DN R277K T286A E291D V292I I293V Q334P G335D,,,,,,
MF622829.1,Success,4380,0,1,99,V3I L10I I13V Q18H K20I E35Q M36I S37N R41K K45R R57K L63P C67E H69Q V82I L89M,1,255,V35T T39L V60I A98G K103S E122K I135V K173T Q174K D177E M184V G190A T200A I202V Q207D L214F V245Q D250E S251D,,,,,,
MF622830.1,Success,5395,0,1,99,V3I I13V I15L K20I M36I S37N R41K H69K L89M,1,335,V35T E40D V90IV A98G K101Q E122K S162A E169D K173T Q174K D177E I178V Y181C M184V T200A Q207E V245Q E248N R277K E291D V292I I293V P294T L295M S322T I326V G335D,,,,,,
MF622831.1,Success,4476,0,1,99,V3I I13V I15L K20I M36I S37N R41K H69K L89M,1,253,V35KT E40D K49R V90IV A98G K101H E122K S162A E169D K173T Q174K D177E I178V Y181C M184V T200AT Q207E V245Q E248N,,,,,,
MF622832.1,Success,5284,0,1,99,V3I I13V I15L L19IT K20I M36I S37D R41K L63P I64L H69K K70R L89M,1,335,V35T E36D K49R K103N V108I E122K D123E I135V S162A E169K K173T Q174E D177E M184V T200A Q207E R211K L214F V245Q D250E P272A R277K T286A E291D V292I I293V P294T S322T I326V G335D,,,,,,
MF622833.1,Success,4423,0,1,99,V3I I13V I15L L19T K20I M36I S37D R41K L63PS I64L H69K K70R L89M,1,253,V35T E36D K49R A98AG K103N V108I E122KT D123EG I135V S162A E169Q K173T Q174E D177E M184V T200A Q207E R211K L214F V245Q D250E,,,,,,
MF622834.1,Success,5178,0,1,99,V3I T12K I13V K14R K20I E35Q M36I S37N R41K R57K I62V C67E H69K K70R V82I L89M,1,335,V35T E36D T39S V60I K103N D123S I135V K166R K173T Q174K D177E I178M T200A Q207E R211K L214F V245Q E248D D250E S251D R277K E291D V292I I293V I329V Q334P G335D,,,,,,
MF622835.1,Success,4217,0,1,99,V3I T12K I13V K14R K20I E35Q M36I S37N R41K R57K I62IV C67E H69K K70R V82I L89M,1,253,E28EK V35T E36D T39LS V60I D67DN K70KR K103S D123S I135V S162CS K166R K173T Q174K D177E I178M M184V G190A T200A Q207E R211KR L214F K219EK V245Q E248D D250E S251D,,,,,,
MF622836.1,Success,5228,0,1,99,V3I I13V L19P K20I M36I S37N R41K H69K K70KR V82I L89M,1,335,V35T T39AEKT K43Q V60I S68G K102R E122P I135V E138EK S162A K173T Q174K D177E M184V Y188L T200A Q207E L214F V245E P272A R277K T286A V292I I293V P294T S322T I326V G335D,,,,,,
MF622837.1,Success,4325,0,2,99,V3I V11IV I13V L19LP K20I M36I S37N R41K H69K K70R V82I L89M,1,252,V35T T39A V60I D67DG S68G K70KR K102R E122P I135V S162A K173T Q174K D177E M184V Y188L T200A Q207E L214F K219EK V245E,,,,,,
MF622838.1,Success,5153,0,1,99,V3I I13V K14R K20I E35Q M36I S37D R41K R57K L63P C67E H69K V82I L89M,1,335,V35T E36D T39L K49KR A62AV I135T S162A Q174E V179IV Y181H M184V Y188H I195L T200A Q207E L214F V245Q E248D S251N P272A R277K K281R T286A K287R E291D V292I I293V P294T E297K K311R G335D,,,,,,
MF622839.1,Success,4282,0,1,99,V3I I13V K14R K20I E35Q M36I S37D R41K R57K L63P C67E H69K V82I L89M,1,252,V35T E36D T39L K49R I135T S162A Q174AE V179I Y181H M184V Y188H I195L T200A Q207E L214F V245Q E248D S251N,,,,,,
MF622840.1,Success,4214,0,6,99,I13V K14R K20I E35Q M36I S37N R41K R57K L63A C67E H69K V82I L89M,1,251,V35T W88C K103N K104R D123S I135M T139KT K173I Q174K D177E I178L M184V T200A Q207D V245Q E248N,,,,,,
MF622841.1,Success,4317,0,1,99,V3I I13V K14R K20I E35Q M36I S37N R41K R57K L63AT C67E H69K I72IT V82I L89M,1,254,K20KR V35T W88C K103N K104R D123S I135M K173IR Q174K D177E I178L M184V T200A Q207D T215FIST V245Q E248N,,,,,,
MF622842.1,Success,5414,0,1,99,V3I L10V L19I E35D M36I S37N R41K L63P V77I I93L,1,335,V35T D67N K70R A98AG V108IV E122K D123A K173A Q174K D177E I178V Y181C M184V V189I G196E I202V Q207E L214F T215FI K219E L228LR P243T V245Q R277K Q278H K281R T286A E291D V292I I293V E297T D324E I329V Q334H G335D,,,,,,
MF622843.1,Success,4323,0,6,99,L10V L19I E35D M36I S37N R41K L63P V77I I93L,1,251,V35T D67N K70R A98G V108I L109V E122K D123A I167IV K173A Q174K D177E Y181C M184V V189I G196E I202V E203K Q207E L214F T215F D218DY K219E K223E F227FL L228H P243T V245Q,,,,,,
MF622844.1,Success,4270,0,6,99,I13V K20I M36I S37DN R41KR I64L H69K L89M,1,251,V35T T39A E40D K103N V108I E122K D123E I135T S162A K173T Q174E D177E M184V T200A Q207E R211K L214F V245Q E248D,,,,,,
MF622845.1,Success,4408,0,1,99,V3I I13V K20I M36I S37N R41K I64L H69K L89M,1,253,V35T T39AS E40D K103KN V108IV E122K D123E I135AITV S162A K173T Q174E D177DE M184MV T200AV Q207E R211KR L214FL P225HP V245Q E248H,,,,,,
MF622846.1,Success,5247,0,1,99,V3I L10I I13V L19P K20I M36I S37N R41K L63P H69K L89M,1,335,E28EK V35K E36D K101KQ K102KR K103N V108I I135T S162A K173I Q174K D177E M184V T200A Q207E R211K L214F V245E D250N P272A R277K T286A E291D V292I I293V S322A G335D,,,,,,
MF622847.1,Success,4245,0,1,99,V3I L10I I13V L19P K20I M36I S37N R41K L63P H69K L89M,1,243,E28EK V35K E36D K101KQ K103N V108I I135T S162A K173I Q174K D177E M184V T200A Q207E R211K L214F,,,,,,
MF622848.1,Success,4350,0,1,99,V3I I13V K14R G17E K20I M36I S37NS R41K H69K K70R L89M,1,249,V35T E36D T39A K103N E122K D123E I135V E138Q S162T Q174E D177E I178M M184V T200A Q207E L210W R211K L214F T215F V245Q,,,,,,
MF622849.1,Success,4372,0,1,99,V3I I13V K14KR G17E K20I M36I S37NS R41K H69K K70R L89M,1,254,V35T T39A S68GS I94IL A98S K103N E122K D123E I135IV E138Q S162T Q174E D177E I178M M184V T200A Q207E H208HY L210W R211K L214F T215F K219W V245Q,,,,,,
MF622850.1,Success,5215,0,1,99,V3I L10I T12P I13V G16E K20R E35D M36I S37N R41K L63T E65D H69Q L89M,1,335,E6D K20R E28EK V35T T39K D67DN T69S K70R K101E D123N I135T I142V K173T Q174K D177E M184V G190A G196E Q207N R211K V245T E248D P272A R277K T286A V292I I293V P294T E297R A304E R307K G335D,,,,,,
MF622851.1,Success,3939,0,16,99,G16E K20R E35D M36I S37N R41K L63T E65D H69Q L89M,1,242,E6D K20R E28K K32E V35T T39EK K46KQ V60IV D67N T69S K70R K101E D123N I135T I142V K173T Q174K D177E M184V G190A G196E Q207N R211K T215F K219Q,,,,,,
MF622852.1,Success,5240,0,1,99,V3I L10M V11A I13V K14R K20I E35Q M36I S37N R41K R57K I62V L63S C67E H69K V82I L89M,1,335,V35T T39K E40D V60I K102EQ K104KR D123N Q174N T200A Q207D R211K L214F E224D V245Q E248N D250E R277K T286A E291D V292I D324E I329V Q334L G335D,,,,,,
MF622853.1,Success,4337,0,1,99,V3I L10M V11A I13V K14R K20I E35Q M36I S37N R41K R57K I62V L63AS C67E H69K V82I L89M,1,255,V35T T39K E40D V60I K102KQ K104KR D123N S162CS Q174N D177DE I195IT T200A Q207D R211K L214F E224D V245Q E248N D250E,,,,,,
MF622854.1,Success,4199,0,6,99,T12A I13V K14R G16E K20I E35D M36I S37N R41K H69K I72V V82I L89M,1,251,K32R V35T T39KQ M41L V60I D67DN K101E I142V Q174K D177E I178M M184V G190A T200A Q207E L210LW R211K L214F T215Y V245Q E248D,,,,,,
MF622855.1,Success,4322,0,1,99,V3I T12A I13V K14R G16E K20I E35D M36I S37N R41K H69K I72V V82I L89M,1,255,E28K K32R V35T T39KT M41L K43EK V60I D67DN L74IL K101E V118IV I142V Q174K D177E I178M M184V G190A T200A Q207E L210W R211K L214F T215Y V245Q E248D,,,,,,
MF622856.1,Success,5226,0,1,99,V3I T12K I13V K14R K20I M36I S37E R41K H69K K70R L89M,1,335,I31IL V35T K103N D121H I135V S162A K173T Q174E D177E M184I T200A Q207E L214F V245Q S251N P272A T286A E291D V292I I293V P294T S322T K323R I326V G335D,,,,,,
MF622857.1,Success,4220,0,1,99,V3I T12KN I13V K14KR K20I M36I S37E R41K H69K K70R L89M,1,251,K20R V35T M41L E44D S68GS L74I A98G K103N V108I L109I D121H I135IM S162A Q174E D177EK M184V T200A Q207E L210W R211K L214F T215Y P225H V245Q S251N,,,,,,
MF622858.1,Success,4165,0,6,99,I13V K14R K20I M36I S37N R57K Q61N L63P C67E H69K V75I V82I L89M,1,251,V35T V60I K70KR K103N K104R T139KR I142M Q174N D177E I178M M184V T200A Q207E L214F V245Q E248D D250E,,,,,,
MF622859.1,Success,4258,0,1,99,V3I I13V K14R K20I M36I S37N R57K Q61N L63P C67E H69K V75I V82I L89M,1,254,V35T M41L V60I K103N K104KR T139R I142M Q174N D177E I178M M184V T200A Q207E L210LW L214F T215Y V245Q E248D D250E,,,,,,
MF622860.1,Success,5210,0,1,99,V3I L10I I13V K14R K20I E35Q M36I S37N R41K R57K C67E H69K V82I L89M,1,335,K20R E28K V35T V60I K101E F171Y K173A Q174K D177E I178M M184V G190A T200A E204D Q207N R211K L214F V245Q D250E S251E K275Q R277K V292I I293V P294Q S322T I326V Q334L G335S,,,,,,
MF622861.1,Success,4275,0,7,99,L10I I13V K14R K20I E35Q M36I S37N R41K R57K C67E H69K V82I L89M,1,255,K20R E28K V35T V60I D67DN K70KR K101E D121DY E122EK D123DN S162NS F171Y K173A Q174K D177E I178M M184V G190A T200A E204D Q207N R211K L214F K219KQ V245Q D250E S251E,,,,,,
MF622862.1,Success,5233,0,1,99,V3I L10I I13V I15IV K20I E35DN M36I S37N R41K L63S I64L H69N L89M,1,335,I31L V35T E36D T39A E40D T69N D123S S162A E169D K173A Q174K D177E Y181C M184V G196E Q207N R211K V245Q E248D P272A R277K T286A K287R I293V P294T E297R K311R S322T G335D,,,,,,
MF622863.1,Success,5223,0,1,99,V3I L10I I13V I15ILV K20I E35DNY M36I S37N R41K L63S I64L H69N L89M,1,335,I31L V35T E36D T39A E40D T69N K70KR D123S I135IT S162A E169D K173A Q174K D177E Y181C M184V G196E Q207N R211K L228R V245Q E248D P272A R277K T286A K287R I293V P294T E297Q K311R S322T G335D,,,,,,
MF622864.1,Success,5238,0,1,99,V3I L10I I13V K20I M36I S37N R41K L63T G68E H69K L89M,1,335,E28A V35T T39A K101EK K103KN I135T S162A K173T Q174R D177E I178M M184V G190AG G196E T200A Q207E R211K L214F M230L V245Q K275R Q278N L283I T286A V292I I293V P294T L295M S322T I329V Q334E G335D,,,,,,
MF622865.1,Success,4233,0,1,99,V3I L10I I13V K14R I15V K20I M36I S37DN R41KR L63T G68E H69K L89M,1,248,E28A V35T T39A K101E V108I V111I I135T S162A M164IM K173T Q174R D177E I178M V179E M184V G190A G196E T200A E203K Q207E L210W R211K L214F T215Y K219KN H221HY M230L V245Q,,,,,,
MF622866.1,Success,4227,0,6,99,L10I I13V G16E L19P K20I E35D M36I S37N R41K D60AD L63S I66IM C67Y H69K K70R L89M,1,251,K11T V35T E40D V60I K104R D121H D123S K173T Q174K D177E M184I G190A G196E T200A Q207K R211A L214F M230LM V245K K249R D250E,,,,,,
MF622867.1,Success,4319,0,1,99,V3I L10I I13V G16E L19P K20I E35D M36I S37N R41K L63S C67Y H69K K70R L89M,1,254,K11T E28K V35T E40D V60I K101E K104R D121H D123S K173T Q174K D177E M184V G190A G196E T200A Q207K R211A L214F V245K K249R D250E,,,,,,
MF622868.1,Success,4199,0,6,99,I13V K14R I15V K20I M36I S37N R41K I64M C67E H69K L89M,1,251,V35K T39A M41L S48T V60I D67N K70R K103N E122K D123E I135T S162A K173T Q174K D177E M184V T200A Q207E R211K L214F T215Y K219E K238T V245Q,,,,,,
MF622869.1,Success,4132,0,6,99,I13V K14R I15V K20I M36I S37N R41K I64M C67E H69K L89M,1,251,V35K T39A M41L E44D S48T V60I D67N K70R A98S K103N E122K D123E I135T S162A K173T Q174K D177E M184V T200A Q207E L210S R211K L214F T215Y K219E L228H K238T V245Q,,,,,,
MF622870.1,Success,4265,0,6,99,T12S I13V G16A K20I M36I S37N R41K H69K K70R L89M,1,251,K20R V35T T39K K43EK V60I D67DG S68GS K103N E122K I135V K166R Q174D D177E M184V G190A T200A R206KR Q207E L214F D237DE P243S V245E E248D,,,,,,
MF622871.1,Success,4223,0,6,99,L10LV T12S I13V K14KR G16A K20I M36I S37N R41K H69K K70R L89M,1,251,K20R V35T T39K K43E V60I D67G S68GS V90I K103S E122K I135IV Q174D D177E G190A T200A Q207E L214F T215F P243PS V245E E248D,,,,,,
MF622872.1,Success,5144,0,1,99,V3I L10I I13V K14R G16E K20I E35D M36I S37N R41K L63Q H69Q L89M,1,335,E6K K11T V35T E36A T39K K43E E53D E122K D123N I142V S162Y F171Y K173L D177E V179I Q207A R211K L214F V245Q E248D D250E S251N P272GV V276IV R277KR K281R T286A E291D V292I I293V P294T S322A I326V G335D,,,,,,
MF622873.1,Success,4258,0,2,99,V3I L10I I13V K14R G16E K20I E35D M36I S37N R41K K43KR L63Q H69Q L89M,1,255,E6K K11T V35T E36A T39K K43E E53D E122K D123N I142V S162Y F171Y K173L D177E V179I Q207A R211KT L214F V245Q E248D D250E S251N,,,,,,
MF622874.1,Success,5219,0,1,99,V3I I13V K14R K20I M36I S37N R41K L63H C67E H69K V82I L89M,1,335,K20R V35T T39K E40D K43Q S48T V60I A98G K103N E122K D123E T139KT S162A K173T Q174K I178V M184V T200A Q207E R211K V245T R277K Q278H K281R T286A E291D V292I I293V E297A L301M I329V Q334P G335D,,,,,,
MF622875.1,Success,4313,0,1,99,V3I I13V K14R K20I M36I S37N R41K L63H C67E H69K V82I L89M,1,254,K20R V35T T39K E40D K43Q S48T V60I A98G K103N E122K D123E T139K S162A K173T Q174K I178V M184V T200A Q207E R211K V245T E248EGKR D250DN,,,,,,
MF622876.1,Success,4178,0,6,99,L10I I13V G16E E35D M36I S37N R41K L63H H69Q L89M,1,251,E6K K11T V35T E36A T39K K43E K49KR V90I D123N I135IT I142V S162H F171Y K173AV D177E V179I Y181V M184V T200A I202V Q207A R211K L214F V245Q E248D S251V,,,,,,
MF622877.1,Success,4186,0,6,99,L10I I13V K14KR G16E E35D M36I S37N R41K L63H H69Q L89M,1,251,E6K K11T V35T E36A T39K K43E V90I D123N I135IT I142V S162H F171Y K173AS D177E V179I Y181GV M184V T200A I202V Q207A R211K L214F V245Q E248D S251V,,,,,,
MF622878.1,Success,4311,0,6,99,I13V K14R G16E K20I E35D M36I S37N R41K K45R L63P H69K K70R L89M,1,251,V35T K103N E122K S162A F171Y K173T Q174K D177E I178V M184V T200A E203D R211K L214F V245Q,,,,,,
MF622879.1,Success,4414,0,1,99,V3I I13V K14R I15IV G16E K20I E35D M36I S37N R41K K45R L63P H69K K70R L89M,1,253,V35T K103N E122K S162A F171Y K173T Q174K D177E I178V M184V T200A E203D R211K L214F V245Q,,,,,,
MF622880.1,Success,5258,0,1,99,V3I L10I T12PT I13V K14R I15IV K20I E35Q M36I S37D R41K R57K L63S C67E H69K V82I L89M,1,335,V35M T39A V60I K104R D123NS I142IT K173AT Q174K T200A Q207D R211K L214F V245Q E248N D250E P272S R277K T286A E291D V292I I293V E312Q D324E I329V Q334L G335D,,,,,,
MF622881.1,Success,4398,0,1,99,V3I L10I T12P I13V K14R I15V K20I E35Q M36I S37D R41K R57K L63AS C67E H69K V82I L89M,1,255,V35M T39A E40DE V60I K104R D123NS I142T K173AT Q174K T200A Q207D R211K L214F V245Q E248DN D250E S251NS,,,,,,
MF622882.1,Success,4235,0,6,99,L10V I13V I15IV L19P K20I M36I S37N R41K K43R L63P I64L H69K K70R L89M,1,251,I31L V35T V90I K103N E122P I135V S162A T165I F171Y K173T Q174K D177E I178L V179I M184I G196E T200A Q207E L214F V245Q,,,,,,
MF622883.1,Success,4209,0,6,99,L10V I13V I15IV L19P K20I M36I S37N R41K K43R L63P I64L H69K K70R L89M,1,251,V35T K70R V90I K101KQ K103N V108IV E122P I135V S162A T165L F171Y K173T Q174K D177E I178L V179I M184V G196E T200A Q207E L214F V245Q,,,,,,
MF622884.1,Success,4246,0,6,99,I13V K20I E35D M36I S37N I62V C67S H69R V82I L89M,1,251,K13KR I31IL V35T T39Q A62AV K82R K103N D123S I135IL K173T Q174K D177E M184T T200E Q207D R211K V245Q E248D,,,,,,
MF622885.1,Success,4323,0,1,99,V3I I13V K20I E35D M36I S37N I62V C67S H69R V82I L89M,1,254,K13R K20R V35T T39Q K82R K103N D123S I135L K173T Q174K D177E M184V T200E Q207D R211K V245Q E248D,,,,,,
MF622886.1,Success,5255,0,1,99,V3I I13V I15L L19Q K20I M36I S37N L63P I64L H69K L89M,1,335,V35T E40D K49R V60I K103N E122K D123E I135T A158S S162A E169R K173E Q174E D177E M184V T200A Q207E R211K L214F V245Q E248N P272A R277K K281R L283I R284KR E291D V292I I293V P294T L295M S322A D324E G335D,,,,,,
MF622887.1,Success,4443,0,1,99,V3I I13V I15L L19Q K20I M36I S37N L63P I64L H69K L89M,1,255,V35T E40D K49R V60I T69NT K103N E122K D123E I135T A158S S162A E169R K173E Q174E D177E M184V T200A Q207E R211K L214F V245Q E248N,,,,,,
MF622888.1,Success,5281,0,1,99,V3I I13V I15V G16E K20I E35D M36I S37N R41K L63P H69K K70R,1,335,E28K K32E V35T A98AS E122P D123E T165I E169D K173T Q174K D177E I178L G196E T200A E203D Q207E R211K L214F V245Q E248D D250E P272A R277K T286A E291D V292I I293V P294T K311R S322T I326V G335D,,,,,,
MF622889.1,Success,4290,0,1,99,V3I I13V I15V G16E K20I E35D M36I S37N R41K L63P H69K K70R,1,245,E28K K32E V35T K101E E122P D123K T165I E169D K173T Q174K D177E I178L M184V G190A T200A E203D Q207E R211K L214F V245Q,,,,,,
MF622890.1,Success,5187,0,1,99,V3I I13V K14R I15V K20I E35Q M36I S37D R57K L63C C67E H69R V82I L89M,1,335,V35T V60I D67DN K70KR A98G V118IV E122EK I135V T139R K173T Q174R D177E I178L Y181C M184V T200E E203K Q207D R211K L214FL K219KQ V245Q E248DN D250DE R277K T286AT E291D I293V D324DE Q334L G335D,,,,,,
MF622891.1,Success,4248,0,1,99,V3I I13V K14R I15V K20I E35Q M36I S37D R57K L63C C67E H69R V82I L89M,1,253,V35T V60I D67N K70R A98G V118I I135V T139R K173T Q174R D177E I178L Y181C M184V T200E E203K Q207D R211K K219Q V245Q E248D,,,,,,
MF622892.1,Success,5305,0,1,99,V3I V11I T12S I13V K14R K20IL M36I S37N R41K H69K K70R L89I,1,335,V35AT E36D K103N I135IV S162A K173T Q174K D177E I178IM M184V T200A Q207E L214FL T215SY K219KQ L228LR M230L V245E R277K T286A A288T E291D V292I I293V S322T G335D,,,,,,
MF622893.1,Success,4400,0,1,99,V3I V11I T12S I13V K14R K20I M36I S37N R41K H69K K70R L89I,1,255,V35T E36DE K103N K104KR S162A K173T Q174K D177E I178M M184V T200A Q207E L214F T215Y M230L V245E,,,,,,
MF622894.1,Success,5235,0,1,99,V3I I13V I15V G17E K20I M36I S37D I64M H69K I72M L89M,1,335,I31IL V35T T39M V60IV E122K I135V S162A K173T Q174R D177E Y181C M184V T200A Q207E R211K K219KN L228LR P236PS V245Q E248D D250E S251DV R277K Q278H T286A E291A V292I I293V E297A L301M P321S D324E I329V Q334P G335D,,,,,,
MF622895.1,Success,4320,0,2,99,V3I T12A I13V K14R I15V G17E K20I M36I S37D R41KR I64M H69K I72M L89M,1,255,V35T T39M V60IV R83KR E122K I135V T139KRT S162A K173T Q174R D177E Y181C M184V T200A Q207E R211K H221HY V245Q E248D D250E S251D,,,,,,
MF622896.1,Success,5282,0,1,99,V3I I13V G16E K20I E21K M36I S37N R41K I64M H69K L89M,1,335,E28EK V35T E36D K101E K103N E122K I135V T139KR S162A K173T Q174K D177E I178M M184V G196E T200A Q207E R211K L214F P243H V245E E248D P272A K275R V276I R277K T286A E291D V292I I293V P294T E297K S322T G335D,,,,,,
MF622897.1,Success,4377,0,1,99,V3I I13V G16E K20I E21EK M36I S37N R41K I64M H69K L89M,1,253,E28K V35T E36D K101E K103N E122K I135V T139K S162A K173T Q174K D177E I178M M184V G196E T200A Q207E R211K L214F P243H V245E E248D,,,,,,
MF622898.1,Success,4275,0,6,99,I13V K14R I15V K20I M36I S37D R41K I64M H69K L89M,1,251,T7P V21I V35T E36D V60I D123N I135IT S162A K173A Q174K D177E Y181C M184V T200A Q207E L214F V245Q L246M K249Q,,,,,,
MF622899.1,Success,4374,0,1,99,V3I I13V K14R I15V K20I M36I S37D R41K I64M H69K L89M,1,254,T7P V21I V35T E36D V60I D123N I135T S162A K166KR K173A Q174K D177E Y181C M184V T200A Q207E L214F V245Q L246M K249Q,,,,,,
MF622900.1,Success,5319,0,1,99,V3I I13V K14R G16E K20I E35D M36I S37N R41K H69K K70KR L89M,1,335,V35T T39A E40A K43E K101KQ V108IV E122K D123E I135V A158T S162A K173T Q174K D177E Y181C M184V I195IT T200A Q207E R211K L214F K219KQ L228LR V245Q S251N P272A V276IV R277K T286A E291D V292I I293IV P294T S322AT G335D,,,,,,
MF622901.1,Success,4439,0,1,99,V3I I13V K14R G16E K20I E35D M36I S37N R41K H69K K70R L89M,1,255,V35T T39A E40A K43E V108I E122K D123E I135V A158T S162A K173T Q174K D177E Y181C M184V T200A E203EK Q207E R211K L214F K219Q L228R V245Q S251N,,,,,,
MF622902.1,Success,4195,0,6,99,I13V E35D M36I S37N R41K K45R R57K I62V L63S I64M H69K K70R L89M,1,251,K11KR V35T T39L E44D V60I S68G K103N D123N I135T E138A I142IV S162T K173S Q174K D177E I178M V179I M184V G196E Q207A R211S L214F V245I E248EV D250E S251T,,,,,,
MF622903.1,Success,4303,0,1,99,V3I I13V E35D M36I S37N R41K K45R R57K I62IV L63S I64M H69K K70R L89M,1,255,K20KR V35T T39L E44D V60I S68G K103N D123N I135T E138A I142IV S162T K173S Q174K D177E I178M V179I M184V G196E Q207A R211S L214F T215Y V245I D250E S251T,,,,,,
MF622904.1,Success,5275,0,1,99,V3I I13V K14R K20I E35Q M36I S37N R41K R57K C67E H69K V82I L89M,1,335,V35T K103N K104R D123S I135V K173T Q174E M184V Q197R T200A Q207E L214F P225H V245Q E248D D250E P272S T286A E291D V292I I293V P294T D324E I329V Q334L G335D,,,,,,
MF622905.1,Success,4302,0,1,99,V3I I13V K14R K20I E35Q M36I S37N R41KR R57K C67E H69K V82I L89M,1,242,K20KR V35T K103N K104R D123S I135V K173T Q174E M184V T200A Q207E L214F P225H,,,,,,
MF622906.1,Success,4157,0,6,99,I13V K14R G17E K20I E35K M36I S37D R41K H69K K70R L89M,1,251,V35K E36D T39AS K49KR E53D S68G K103N E122K D123E I135T E169D K173A D177E M184V T200A Q207GR R211K L214F T215Y V245T E248D S251C,,,,,,
MF622907.1,Success,4255,0,1,99,V3I I13V K14R I15V G17E K20I E35K M36I S37D R41K R57KR H69K K70R L89M,1,254,K20KR V35K E36D T39AS K49KR E53D S68G K103N E122K D123E I135T E169D K173A D177E M184V T200A Q207G R211K L214F T215Y V245T E248D S251C,,,,,,
MF622908.1,Success,5301,0,1,99,V3I I13V K20I M36I S37N R41K K43KR H69K K70R V82I L89M,1,335,V35T E36D E122PQ I135V I142IV S162A K173AITV Q174K D177E T200A Q207E R211KT L214F E224D I244IV V245KT E248DEKN D250DE S251HNRS P272A R277K L283I T286AT E291D V292I I293V P294T S322ST I326V I329V G335D,,,,,,
MF622909.1,Success,4379,0,1,99,V3I I13V K20I M36I S37N R41K K43KR H69K K70R V82I L89M,1,254,V35T E36D D67N S68RS K70R A98G K103N V106I E122P I135V S162A K173T Q174K D177E M184V G190A T200A E203EK Q207E R211KT L214F T215FINSTY K219EK E224D L228LR V245T E248N,,,,,,
MF622910.1,Success,5298,0,1,99,V3I T12ST I15V L19V M36I S37N R41K L63T H69K T74A L89M I93L,1,335,V35T T39D K101EK E122P D123S T139KT K173A D177E I178L V179IV M184V G190A T200A E203EK Q207E R211K L214F V245Q E248DE D250E S251N T286A A288AT E291D V292I I293V I329L Q334D G335D,,,,,,
MF622911.1,Success,4400,0,1,99,V3I I15V L19V M36I S37N R41K L63T H69K T74A L89M I93L,1,254,V35T T39D D67N K70R K101E E122P D123S K173A D177E I178L M184V G190A T200A E203K Q207E L214F K219Q V245Q D250E S251N,,,,,,
MF622912.1,Success,5286,0,1,99,V3I I13V K14R G16E K20I M36I S37N R41K Q61E E65D H69K K70R L89M,1,335,K11N V35T T39S D67N E122K D123E I135V S162A K173R Q174K D177E M184V Y188L G196E T200A Q207E R211K L214F K219A V245Q R277K T286A E291D V292I I293V P294T L310I S322T G335E,,,,,,
MF622913.1,Success,4261,0,1,99,V3I I13V K14R G16E K20I M36I S37N R41K Q61E E65D H69K K70R L89M,1,243,V35T T39S D67HN K70R E122K D123E I135V S162A K173R Q174K D177E M184V Y188L G196E T200A Q207E R211K L214FL K219G,,,,,,
MF622914.1,Success,4347,0,6,99,T12I G16E K20R M36I S37N I62V L63T I64V H69K,1,251,V35T K49R V106A V118I D123N I135T S162G K173R D177E I178V M184V G190A I202V Q207A R211K V245Q D250E,,,,,,
MF622915.1,Success,4457,0,1,99,V3I T12IV G16E K20R M36I S37N I62V L63T I64V H69K,1,255,V35T K49R V90IV K103KN V106AV V118I D123N I135T S162D K173R D177E I178V M184V G190AG I202V Q207A R211K T215F V245Q D250E,,,,,,
MF622916.1,Success,4325,0,6,99,I13V K20R M36I R41K H69K L89M,1,251,K20R V21I K49R D123E I135IT S162A K173T Q174K D177E Y181C M184V T200A I202V Q207E R211K L214F P243H V245Q D250E,,,,,,
MF622917.1,Success,4433,0,1,99,V3I I13V K20R M36I R41K H69K L89M,1,255,K20R V21I K49R A98G D123E I135IT S162AT K173T Q174K D177E Y181C M184V T200A I202V Q207E R211K L214FL T215NSTY H221Y P243H V245Q D250E,,,,,,
MF622918.1,Success,5265,0,1,99,V3I I13V K14R K20I E35Q M36I S37N R41K R57K L63P C67E H69K V82I L89M,1,335,E6EK K11KR V35T V60I K103N D123S K173T Q174K D177E I178M V189IV G196EG T200A Q207E R211K L214F V245Q E248D D250E R277K T286A E291D V292I I293V P294T K311R D324E Q334P G335D,,,,,,
MF622919.1,Success,4350,0,2,99,V3I I13V K14R K20I E35Q M36I S37N R41K R57K L63P C67E H69K V82I L89M,1,253,V35T V60I V75IV K103N D123S I132IL I135IM E138EQ K173T Q174K D177E I178IM M184V G196E T200A Q207E L214F V245Q E248D D250E,,,,,,
MF622920.1,Success,5259,0,1,99,V3I T12A I13V K14R I15V K20I E35D M36I S37N R41K K43KR L63P H69K L89M,1,335,V35T L100V V108IV E122K A158T K173I Q174K D177E V179EV Y181I M184V I202IV Q207E R211K L214F L228LR V245Q E248N K275R R277K Q278N L283IL T286A E291D V292I I293V E297A Q334E G335D,,,,,,
MF622921.1,Success,4362,0,1,99,V3I T12A I13V K14R I15V K20I E35D M36I S37N R41K K43KR L63P H69K L89M,1,255,V35T L100V V108I E122K A158AT K173I Q174K D177E V179EV Y181I M184V I202IV Q207E R211K L214F T215NSTY L228LR V245Q E248N,,,,,,
MF622922.1,Success,4111,0,6,99,L10I T12A I13V K14R I15V G16E K20I E35D M36I S37N R41K H69Q I72T L89M,1,251,E6Q K11T V35T T39K K43E V90I V108IV E122K D123E I135IT I142V S162H F171Y K173S Q174K D177E V179I Y181C M184V T200A I202V Q207V R211K H221Y P243T V245Q E248D,,,,,,
MF622923.1,Success,4235,0,1,99,V3I L10I T12A I13V K14R I15V G16E K20I E35D M36I S37N R41K H69Q I72T L89IM,1,255,E6Q K11T V35T T39KR K43E K70KR V90I E122K D123E I135IT I142V S162H F171Y K173S Q174K D177E V179I Y181C M184MV G190AG T200A I202V Q207V R211K K219KQ H221HY L228LR P243T V245Q E248D,,,,,,
MF622924.1,Success,5165,0,1,99,V3I T12AP I13V K14R I15V K20I M36I S37N R41K L63P C67S H69K V82I L89M,1,335,K20R E28A V35T T39E V60I K64R A98G K102Q V106MV D121Y E138G K173A Q174K V179E M184V Y188CY T200A Q207E R211K V245Q E248D D250E R277K K281R T286A E291D V292I I293V E297A L301M I329V Q334P G335D,,,,,,
MF622925.1,Success,4246,0,1,99,V3I I13V K14R I15V K20I M36I S37N R41K L63P C67S H69K V82I L89M,1,253,K20R V35T T39E V60I K64R A98G K102Q D121Y E138G K173A Q174K V179E M184V Y188W T200A Q207E R211K D237N V245Q E248D D250E,,,,,,
MF622926.1,Success,5329,0,1,99,V3I I13V K20I E35D M36I S37N R41K K43R H69K T74S L89M,1,335,V35T E36D T39K K49R E53D V60I D121Y I135V S162A K173A Q174K D177E T200AS Q207E R211K L214F P243ST V245Q E248D P272A R277K T286A E291D V292I I293V P294T S322T I326V G335D,,,,,,
MF622927.1,Success,4461,0,2,99,V3I I13V K20I E35D M36I S37N R41K K43R H69K T74S L89M,1,255,V35T E36D T39K K49R E53D V60I K103N D121Y I135V S162A K173A Q174K D177E M184V T200A Q207E R211K L214F P243T V245Q E248D,,,,,,
MF622928.1,Success,5270,0,1,99,V3I T12A I13V K14R I15V K20I M36I S37D R41K L63V I64M H69K I72V L89M,1,335,E28EG V35IT T39A E40DE S48ST K101EK K102Q K103N E122KQ D123DE K173T Q174K D177E I178L M184V T200A I202V Q207E R211K L214F V245T E248N P272A R277K T286A E291D V292I I293V S322T G335D,,,,,,
MF622929.1,Success,4312,0,2,99,V3I T12A I13V K14R I15V K20I M36I S37D R41K L63V I64M H69K I72V L89M,1,252,V35T T39A E40D A98AG K102Q K103N E122K D123E I135L K173T Q174K D177E I178L M184V T200A I202V Q207E R211K L214F V245T E248N,,,,,,
MF622930.1,Success,5158,0,1,99,V3I I13V K14R K20I E35Q M36I S37E R41K R57K L63T C67E H69K I72T V82I L89M,1,335,V21I V35T K49R V60I D67DN K70KR V106A E122K I135T E138A T165I R172KR K173A Q174K D177E I178L V179E M184V T200A I202V Q207N R211K L214F T215ST V245Q R277K T286A E291D V292I I293V I329L Q334S G335D,,,,,,
MF622931.1,Success,4290,0,1,99,V3I I13V K14R K20I E35Q M36I S37E R41K R57K L63NT I64IM C67E H69K I72T V82I L89M,1,253,K20KR V21I V35T M41LM K49R V60I D67DN K70KR V106A E122K I135T E138A T165I K173A Q174K D177E I178L V179E M184V T200A I202V Q207DN R211K L214F T215F K219KQ V245Q,,,,,,
MF622932.1,Success,5223,0,1,99,V3I I13V K14R K20I M36I S37N R41K I64L H69K V82I L89M,1,335,K20R V35T T39K M41L V60I S68GS A98G K103N D121H K173T Q174R D177E I178L M184V T200A Q207E L210W R211K L214F T215Y K238KT V245Q D250E S251N K275R Q278H K281KR T286A E291D V292I I293V P294S E297A L301M S322T G335D,,,,,,
MF622933.1,Success,4237,0,1,99,V3I I13V K14R K20I M36I S37N R41K I64L H69K V82I L89M,1,254,K20R V35T T39K M41L K43E E44D V60I D67N A98G K103N V111I D121H K166KQ K173T Q174R D177E I178L M184V T200A Q207E H208HY L210W R211K L214F T215Y K238T V245Q D250E S251N,,,,,,
